Concurso;Data;bola 1;bola 2;bola 3;bola 4;bola 5;bola 6;bola 7;bola 8;bola 9;bola 10;bola 11;bola 12;bola 13;bola 14;bola 15
1755;26/12/2018;9;3;25;21;2;22;18;8;20;23;11;1;19;16;13
1754;24/12/2018;5;17;1;3;20;2;14;13;25;12;24;4;21;10;15
1753;21/12/2018;12;3;8;17;24;5;15;2;6;9;22;25;13;1;21
1752;19/12/2018;15;7;4;13;16;6;22;9;20;18;3;1;12;17;8
1751;17/12/2018;7;18;3;24;1;4;6;10;22;19;15;13;9;12;25
1750;14/12/2018;20;17;18;13;4;24;7;12;1;16;10;19;23;22;6
1749;12/12/2018;19;4;9;24;12;25;6;21;15;13;20;22;23;16;2
1748;10/12/2018;5;10;1;3;9;19;17;11;18;7;22;25;12;21;6
1747;07/12/2018;20;21;10;16;13;15;8;17;7;1;4;25;5;6;19
1746;05/12/2018;3;6;19;15;22;25;12;4;11;7;16;10;8;23;9
1745;03/12/2018;6;11;10;25;18;4;9;20;24;16;21;3;8;2;7
1744;30/11/2018;13;19;10;21;18;24;1;17;20;11;23;6;12;15;5
1743;28/11/2018;5;6;21;15;13;25;17;22;7;18;24;11;19;10;8
1742;26/11/2018;25;16;9;10;18;14;4;21;15;1;12;20;17;8;6
1741;23/11/2018;15;18;25;16;5;8;19;1;20;21;12;23;17;11;22
1740;21/11/2018;4;8;22;6;11;5;9;18;16;24;10;1;19;2;3
1739;19/11/2018;3;5;24;14;4;19;16;8;7;2;20;6;12;22;11
1738;16/11/2018;18;13;3;10;24;19;14;9;6;22;1;20;23;21;17
1737;14/11/2018;10;4;12;16;25;11;22;18;6;19;5;24;15;2;20
1736;12/11/2018;25;6;12;13;9;3;16;15;11;7;23;18;19;24;22
1735;09/11/2018;13;6;14;19;21;10;24;1;3;15;25;12;20;23;2
1734;07/11/2018;2;15;22;16;21;6;3;25;1;7;8;24;17;10;11
1733;05/11/2018;25;9;21;16;15;23;2;12;14;5;19;13;8;1;4
1732;03/11/2018;3;14;20;17;12;22;9;21;24;18;19;10;5;13;1
1731;31/10/2018;3;8;22;19;17;13;7;24;14;5;25;1;9;10;20
1730;29/10/2018;24;15;23;7;1;13;12;22;25;18;8;10;14;19;16
1729;26/10/2018;21;12;9;25;10;14;6;18;16;2;1;4;11;24;8
1728;24/10/2018;2;7;14;17;21;15;3;10;6;11;5;9;12;22;8
1727;22/10/2018;7;1;13;5;10;6;20;22;2;16;24;15;9;14;21
1726;19/10/2018;20;19;12;3;11;10;1;15;8;5;14;25;6;22;17
1725;17/10/2018;1;12;25;13;19;14;24;5;8;21;18;6;23;15;22
1724;15/10/2018;15;22;20;9;11;10;7;16;13;23;21;6;5;18;12
1723;13/10/2018;10;1;6;11;22;7;2;4;17;14;13;19;21;18;12
1722;10/10/2018;11;12;5;17;4;21;23;25;14;2;8;22;19;7;15
1721;08/10/2018;25;6;16;11;1;5;4;15;21;8;24;3;13;19;14
1720;05/10/2018;9;13;20;11;25;17;23;4;22;18;3;24;15;10;2
1719;03/10/2018;4;21;2;24;6;25;15;20;17;18;23;13;11;3;10
1718;01/10/2018;17;8;3;5;24;6;21;12;20;22;2;11;10;18;7
1717;28/09/2018;8;21;15;14;9;3;22;10;24;23;4;5;1;11;7
1716;26/09/2018;25;11;12;24;23;4;17;16;5;10;7;1;22;3;13
1715;24/09/2018;19;25;1;22;24;8;4;21;2;11;18;17;16;13;6
1714;21/09/2018;18;6;10;8;5;19;23;15;21;14;24;7;3;1;22
1713;19/09/2018;4;20;15;24;13;12;10;9;23;17;19;8;16;21;1
1712;17/09/2018;7;5;13;17;10;24;23;15;3;6;1;16;25;14;18
1711;14/09/2018;11;14;18;8;23;19;5;3;4;21;13;20;2;1;10
1710;12/09/2018;7;2;20;21;5;22;12;4;24;10;17;25;9;6;11
1709;10/09/2018;21;13;22;24;3;12;15;11;5;18;1;19;23;20;4
1708;08/09/2018;14;13;9;2;1;17;3;10;8;12;18;7;4;6;22
1707;27/08/2018;12;21;2;18;17;25;11;22;10;13;23;9;5;16;19
1706;24/08/2018;9;2;4;3;7;12;15;13;5;17;21;18;8;20;14
1705;22/08/2018;24;20;18;14;19;3;21;4;2;12;9;23;5;16;17
1704;20/08/2018;7;18;9;6;2;4;16;20;22;13;14;19;12;10;11
1703;17/08/2018;22;18;1;16;9;8;13;17;3;19;14;10;6;12;15
1702;15/08/2018;15;10;3;4;7;17;18;14;25;5;22;19;16;11;8
1701;13/08/2018;8;6;1;22;2;17;5;16;21;3;10;7;18;13;20
1700;10/08/2018;2;8;6;23;24;13;16;12;1;21;7;3;22;14;20
1699;08/08/2018;6;21;23;15;8;13;24;9;16;25;10;19;4;14;5
1698;06/08/2018;18;20;14;3;2;16;8;19;25;22;9;13;5;21;4
1697;03/08/2018;24;23;20;6;22;21;3;10;13;19;25;4;7;18;17
1696;01/08/2018;8;12;18;17;10;16;4;5;19;24;7;2;13;14;23
1695;30/07/2018;21;13;14;17;22;23;4;9;1;24;18;11;5;25;20
1694;27/07/2018;12;11;19;2;24;3;13;5;18;4;17;23;1;9;20
1693;25/07/2018;1;19;3;11;22;17;23;14;21;16;20;4;6;7;8
1692;23/07/2018;25;22;23;5;18;20;7;15;24;6;17;12;10;14;3
1691;20/07/2018;1;13;3;8;4;5;19;7;10;18;12;15;2;16;11
1690;18/07/2018;2;16;1;20;15;8;19;5;10;13;7;4;23;25;22
1689;16/07/2018;11;7;14;9;6;16;13;1;10;19;23;2;18;22;17
1688;13/07/2018;3;24;8;10;19;21;5;13;25;1;22;7;6;15;4
1687;11/07/2018;9;19;1;24;2;4;6;20;17;10;14;7;18;3;16
1686;09/07/2018;10;15;20;18;19;13;5;17;22;9;23;6;24;2;4
1685;06/07/2018;16;11;17;3;2;7;21;12;5;1;24;22;14;19;6
1684;04/07/2018;17;9;7;10;13;16;14;12;23;25;4;22;2;15;24
1683;02/07/2018;9;13;2;18;15;1;10;17;5;23;24;16;3;25;11
1682;29/06/2018;20;15;1;7;13;25;17;9;19;21;18;12;4;6;5
1681;27/06/2018;25;8;11;22;20;1;2;7;12;17;15;16;3;10;23
1680;25/06/2018;20;13;23;18;25;10;8;2;1;21;12;7;14;3;11
1679;22/06/2018;17;19;7;8;10;5;20;21;11;14;23;9;15;16;12
1678;20/06/2018;4;16;5;23;6;9;1;24;14;19;8;3;18;20;22
1677;18/06/2018;12;9;14;19;17;22;6;16;15;20;11;1;4;18;5
1676;15/06/2018;10;25;23;13;8;18;16;3;20;15;9;12;4;14;24
1675;13/06/2018;5;14;3;22;7;25;9;21;19;8;2;20;1;23;12
1674;11/06/2018;24;9;10;1;5;15;19;21;20;11;2;23;12;4;22
1673;08/06/2018;11;9;2;17;5;20;7;1;25;12;24;19;15;4;23
1672;06/06/2018;22;18;11;17;25;9;6;8;3;2;5;23;21;24;20
1671;04/06/2018;9;15;12;18;8;5;19;4;21;14;25;22;3;10;1
1670;01/06/2018;1;13;22;20;14;4;3;16;25;17;2;21;23;11;7
1669;30/05/2018;1;8;3;16;5;9;17;7;2;25;6;21;20;12;23
1668;28/05/2018;11;17;21;4;16;18;12;5;24;6;14;20;23;25;8
1667;25/05/2018;25;24;13;22;4;3;8;18;20;2;1;10;23;11;16
1666;23/05/2018;17;21;25;13;12;10;2;1;24;8;5;20;9;6;14
1665;21/05/2018;4;5;15;18;23;1;13;17;12;8;22;24;10;2;21
1664;18/05/2018;11;4;16;15;7;25;13;18;20;5;17;24;2;6;8
1663;16/05/2018;9;12;2;17;21;5;11;23;13;1;7;16;22;6;3
1662;14/05/2018;3;13;5;2;11;25;20;22;18;17;10;14;8;1;21
1661;11/05/2018;13;7;21;14;12;18;2;17;5;23;22;6;10;3;11
1660;09/05/2018;2;10;1;24;13;14;3;25;21;17;7;18;11;20;8
1659;07/05/2018;16;25;21;8;15;23;4;14;10;20;9;7;22;12;2
1658;04/05/2018;6;7;17;19;20;8;13;12;15;4;18;2;23;16;5
1657;02/05/2018;6;18;3;24;17;23;12;4;15;21;10;19;8;20;9
1656;30/04/2018;5;2;13;7;24;11;20;19;3;12;10;15;17;23;4
1655;27/04/2018;16;19;2;10;6;22;7;20;1;12;14;18;3;5;23
1654;25/04/2018;16;20;22;23;3;18;19;13;25;4;2;10;1;6;11
1653;23/04/2018;6;20;22;23;17;2;4;7;15;5;12;21;24;25;14
1652;20/04/2018;24;25;18;2;5;10;14;6;16;7;17;11;3;4;21
1651;18/04/2018;6;24;16;17;19;1;7;20;8;22;3;10;4;2;18
1650;16/04/2018;4;13;14;22;25;3;16;10;20;17;15;18;5;19;8
1649;13/04/2018;15;22;18;8;13;24;16;5;20;9;4;14;12;17;23
1648;11/04/2018;24;13;21;19;4;25;10;15;17;16;9;12;22;11;23
1647;09/04/2018;20;1;24;14;12;19;2;22;7;10;4;9;8;25;15
1646;06/04/2018;22;9;4;7;25;3;15;13;6;5;1;12;20;18;17
1645;04/04/2018;10;16;4;15;2;18;23;3;20;8;9;5;14;21;25
1644;02/04/2018;5;18;3;2;6;13;7;24;9;11;8;23;15;4;22
1643;31/03/2018;1;10;7;22;19;12;25;16;23;2;14;4;5;3;9
1642;28/03/2018;18;19;11;7;5;24;22;6;15;10;13;20;17;25;2
1641;26/03/2018;19;25;3;20;4;17;12;21;8;22;14;9;16;5;11
1640;23/03/2018;17;16;25;14;12;4;2;15;20;21;22;24;6;5;1
1639;21/03/2018;3;1;10;7;22;9;25;15;20;11;14;8;6;5;19
1638;19/03/2018;8;7;1;16;15;22;24;20;11;10;19;12;14;25;23
1637;16/03/2018;18;5;22;24;12;14;17;19;11;4;3;13;7;15;8
1636;14/03/2018;14;12;3;7;9;8;18;25;2;19;20;6;22;15;13
1635;12/03/2018;21;19;12;25;1;16;15;3;6;8;17;23;24;22;7
1634;09/03/2018;3;9;7;4;14;25;21;13;5;19;10;24;22;15;6
1633;07/03/2018;7;19;9;18;20;23;6;25;1;24;17;10;3;2;5
1632;05/03/2018;23;4;25;22;8;21;5;16;18;13;20;12;24;15;14
1631;02/03/2018;23;11;22;4;10;18;12;20;19;5;2;14;9;25;3
1630;28/02/2018;8;9;23;25;22;17;3;15;14;13;20;12;7;5;10
1629;26/02/2018;12;1;15;6;24;2;5;25;14;7;10;18;9;3;22
1628;23/02/2018;9;22;20;17;16;19;11;6;1;24;23;3;25;12;18
1627;21/02/2018;20;17;13;4;3;24;11;6;21;2;14;9;8;15;12
1626;19/02/2018;1;20;11;16;15;17;24;10;8;13;9;7;3;21;4
1625;16/02/2018;8;19;13;3;20;21;2;17;24;10;12;16;22;18;6
1624;14/02/2018;20;1;18;17;14;15;16;9;11;24;6;23;2;8;7
1623;09/02/2018;17;4;13;10;2;7;8;1;20;3;19;24;14;11;6
1622;07/02/2018;18;16;9;1;20;11;23;17;22;2;3;24;8;4;25
1621;05/02/2018;18;21;24;10;19;8;13;23;22;2;6;14;3;4;9
1620;02/02/2018;20;4;11;1;10;13;9;21;14;18;12;2;25;24;7
1619;31/01/2018;15;24;7;4;16;8;17;13;11;21;22;10;18;5;25
1618;29/01/2018;19;1;25;8;3;4;20;14;10;24;5;17;9;13;16
1617;26/01/2018;8;12;25;6;13;9;22;7;20;5;10;23;14;15;2
1616;24/01/2018;17;10;8;23;11;13;4;16;18;14;22;24;1;2;5
1615;22/01/2018;6;10;20;9;16;4;21;17;25;2;5;1;19;11;7
1614;19/01/2018;19;13;14;1;2;9;17;16;15;3;21;10;7;12;23
1613;17/01/2018;2;3;21;1;8;18;14;9;17;6;4;13;19;16;10
1612;15/01/2018;14;2;12;7;15;21;3;18;25;23;5;22;11;4;24
1611;12/01/2018;6;3;14;22;10;11;15;8;12;4;7;1;9;20;24
1610;10/01/2018;24;21;16;11;20;17;13;6;22;10;19;14;3;7;9
1609;08/01/2018;14;6;21;5;18;8;20;17;24;25;7;23;11;9;13
1608;05/01/2018;5;1;14;10;17;6;20;25;3;2;18;9;22;23;21
1607;03/01/2018;14;18;9;15;24;6;3;7;11;1;12;17;8;2;13
1606;02/01/2018;1;20;22;14;8;3;19;10;9;23;7;15;5;11;25
1605;29/12/2017;17;21;14;11;16;19;4;8;10;18;25;5;9;23;2
1604;27/12/2017;8;3;12;22;6;21;10;15;5;9;19;4;7;13;24
1603;26/12/2017;13;24;16;3;21;23;9;4;19;7;20;1;2;10;14
1602;22/12/2017;3;9;23;13;24;15;14;11;1;21;10;8;17;4;19
1601;20/12/2017;11;8;9;22;20;25;14;15;10;12;13;6;4;2;18
1600;18/12/2017;22;7;16;5;9;23;24;14;13;17;3;2;4;20;18
1599;15/12/2017;9;18;6;10;1;20;5;25;14;4;23;22;21;8;3
1598;13/12/2017;18;13;19;16;2;6;15;17;24;20;7;10;21;12;5
1597;11/12/2017;7;1;21;5;8;22;9;17;19;20;24;13;6;18;2
1596;08/12/2017;21;11;22;9;5;20;13;15;18;8;10;12;23;19;24
1595;06/12/2017;6;4;22;18;17;25;13;2;1;20;7;11;9;10;3
1594;04/12/2017;8;16;10;13;12;17;1;19;6;11;21;15;2;4;25
1593;01/12/2017;20;8;14;3;16;24;11;5;22;13;7;4;9;10;17
1592;29/11/2017;4;22;2;3;15;14;6;25;16;20;19;1;5;9;12
1591;27/11/2017;19;23;5;17;1;3;11;22;7;12;20;24;8;10;21
1590;24/11/2017;3;14;20;5;7;8;16;18;1;22;23;25;10;17;21
1589;22/11/2017;3;25;24;14;22;4;12;13;6;23;15;17;18;2;1
1588;20/11/2017;1;21;17;23;11;15;7;4;22;5;10;9;20;3;14
1587;17/11/2017;21;22;17;25;19;16;8;2;14;20;15;3;7;11;5
1586;16/11/2017;1;13;20;18;11;19;23;25;12;24;22;16;10;4;3
1585;13/11/2017;11;9;18;17;5;19;23;1;4;2;25;7;24;21;6
1584;10/11/2017;1;2;17;25;14;16;24;15;5;6;20;11;3;12;19
1583;08/11/2017;3;4;19;16;7;9;15;25;17;10;14;23;20;2;6
1582;06/11/2017;11;24;10;8;18;16;5;14;23;7;2;19;1;17;25
1581;03/11/2017;20;12;6;4;8;16;5;7;13;24;25;3;21;23;11
1580;01/11/2017;18;12;7;4;11;22;13;14;10;20;25;15;16;3;23
1579;30/10/2017;16;1;21;23;15;2;22;14;18;10;13;12;7;4;6
1578;27/10/2017;13;12;22;9;8;4;21;18;6;17;24;16;10;19;14
1577;25/10/2017;18;17;24;7;11;10;6;3;16;9;19;5;13;21;15
1576;23/10/2017;25;15;11;18;2;12;5;9;1;21;14;8;20;7;16
1575;20/10/2017;17;16;22;9;12;11;1;23;5;3;10;25;14;7;6
1574;18/10/2017;7;6;12;1;3;15;21;17;14;5;2;10;11;22;18
1573;16/10/2017;19;18;17;11;23;6;8;2;10;13;7;12;14;15;16
1572;13/10/2017;24;9;23;19;5;21;16;8;13;10;22;4;6;18;2
1571;11/10/2017;19;1;3;17;14;6;24;11;7;5;18;4;23;25;12
1570;09/10/2017;20;7;11;3;16;1;19;13;18;9;24;8;25;23;21
1569;06/10/2017;12;16;4;13;24;21;2;23;10;20;18;9;14;8;25
1568;04/10/2017;4;22;10;1;19;13;7;3;2;6;17;24;11;21;16
1567;02/10/2017;11;19;14;3;21;7;9;10;18;2;24;12;17;15;5
1566;29/09/2017;7;1;24;19;13;23;14;4;9;15;5;2;16;25;8
1565;27/09/2017;25;13;3;18;10;24;6;17;12;1;11;9;7;15;8
1564;25/09/2017;18;16;17;21;6;8;24;9;12;3;20;11;19;13;4
1563;22/09/2017;23;12;9;20;5;17;18;1;3;6;13;2;21;22;10
1562;20/09/2017;8;2;12;17;6;14;18;9;3;7;16;5;4;11;1
1561;18/09/2017;7;20;22;16;6;15;8;12;13;21;25;18;3;5;24
1560;15/09/2017;2;1;24;17;18;8;3;4;20;9;7;11;25;5;14
1559;13/09/2017;7;16;25;19;23;6;18;20;5;4;11;14;9;3;10
1558;11/09/2017;18;25;5;15;9;21;14;1;11;16;17;2;22;6;4
1557;07/09/2017;5;6;3;9;16;24;21;17;20;25;18;4;12;2;22
1556;28/08/2017;1;15;19;6;8;23;16;12;21;5;17;2;25;3;22
1555;25/08/2017;23;10;12;22;9;16;20;14;6;25;13;18;2;1;8
1554;23/08/2017;14;3;8;5;13;16;7;1;18;10;9;24;25;19;4
1553;21/08/2017;19;11;4;12;22;17;21;8;18;2;1;13;15;9;25
1552;18/08/2017;19;24;21;7;14;15;12;22;8;3;2;16;25;9;20
1551;16/08/2017;1;7;5;14;17;22;20;23;25;13;3;19;15;11;8
1550;14/08/2017;14;20;24;8;17;22;23;4;13;16;15;3;5;7;25
1549;11/08/2017;1;5;13;11;23;10;3;18;7;24;20;2;8;25;4
1548;09/08/2017;4;11;9;14;2;10;18;3;17;15;21;20;22;23;12
1547;07/08/2017;17;8;25;19;11;6;18;13;21;5;9;2;1;15;10
1546;04/08/2017;20;22;1;25;3;8;15;19;11;14;18;10;6;24;7
1545;02/08/2017;16;20;7;17;11;3;8;23;10;15;12;22;5;25;24
1544;31/07/2017;9;12;22;24;8;17;23;2;11;14;16;4;7;1;21
1543;28/07/2017;13;7;9;12;25;23;6;19;20;8;24;2;15;17;1
1542;26/07/2017;16;7;11;24;17;2;10;8;22;3;5;21;20;13;15
1541;24/07/2017;18;19;3;20;2;11;13;4;25;22;15;5;21;7;14
1540;21/07/2017;22;10;23;15;2;9;11;7;19;3;14;16;17;1;12
1539;19/07/2017;4;16;21;13;20;14;18;12;17;19;8;1;3;25;11
1538;17/07/2017;21;13;8;19;23;10;15;2;18;7;5;17;9;14;4
1537;14/07/2017;18;22;20;21;24;13;14;17;4;10;3;11;1;15;2
1536;12/07/2017;3;9;12;13;20;6;1;19;25;7;10;8;5;23;11
1535;10/07/2017;15;22;7;8;5;17;25;3;24;4;18;23;13;12;21
1534;07/07/2017;10;11;9;4;5;21;17;13;24;16;8;1;12;19;14
1533;05/07/2017;1;19;4;15;14;16;11;6;20;7;21;13;3;12;24
1532;03/07/2017;1;25;13;3;17;12;22;9;10;8;20;18;11;2;14
1531;30/06/2017;22;13;11;23;1;3;24;4;15;8;14;19;10;2;7
1530;28/06/2017;7;15;5;4;2;22;12;9;20;10;24;18;23;14;16
1529;26/06/2017;19;21;8;5;3;20;24;4;11;13;16;18;17;14;2
1528;23/06/2017;21;18;23;8;9;1;5;20;2;6;10;24;17;25;4
1527;21/06/2017;14;10;9;3;2;15;25;22;5;21;1;24;20;6;7
1526;19/06/2017;8;11;10;18;21;7;17;25;13;20;15;23;22;5;9
1525;16/06/2017;1;25;8;15;4;19;22;21;12;14;18;2;20;10;5
1524;14/06/2017;20;8;9;5;13;3;6;22;23;24;7;1;25;14;10
1523;12/06/2017;19;9;3;5;6;21;13;7;23;16;25;14;10;12;18
1522;09/06/2017;19;13;9;11;16;21;8;23;18;1;10;14;24;20;15
1521;07/06/2017;4;19;14;23;8;20;12;24;5;17;3;2;7;1;15
1520;05/06/2017;16;13;12;4;19;8;14;25;2;9;17;1;24;18;10
1519;02/06/2017;23;18;24;21;17;22;1;16;6;20;13;8;4;14;25
1518;31/05/2017;12;2;7;3;11;20;24;4;14;17;25;16;5;22;8
1517;29/05/2017;25;3;18;23;5;12;11;2;8;21;15;24;10;14;20
1516;26/05/2017;18;11;24;14;12;1;16;2;23;19;10;22;7;20;6
1515;24/05/2017;3;1;19;12;9;5;13;11;17;20;16;23;8;18;2
1514;22/05/2017;11;21;20;8;19;16;3;4;24;5;13;15;12;17;7
1513;19/05/2017;18;6;16;24;4;9;11;22;10;3;13;12;21;14;7
1512;17/05/2017;3;21;22;16;17;15;13;12;19;2;6;4;24;10;11
1511;15/05/2017;23;9;12;11;24;2;8;21;20;10;5;4;19;15;13
1510;12/05/2017;15;3;7;11;13;12;18;24;10;4;8;9;22;1;19
1509;10/05/2017;22;2;24;3;17;14;15;19;7;8;6;13;1;18;9
1508;08/05/2017;7;23;3;22;14;9;24;11;19;10;8;17;1;21;12
1507;05/05/2017;5;14;10;11;17;4;19;13;24;3;1;8;23;2;21
1506;03/05/2017;3;13;5;8;22;10;19;9;14;17;24;4;21;18;20
1505;28/04/2017;7;25;16;2;24;19;20;11;3;1;6;14;22;18;17
1504;26/04/2017;11;25;24;21;18;19;23;7;8;17;1;12;14;5;4
1503;24/04/2017;22;12;7;3;16;17;2;21;20;25;18;23;15;1;24
1502;22/04/2017;4;18;22;3;17;13;15;11;24;2;12;5;20;7;1
1501;19/04/2017;10;1;8;6;13;25;9;21;22;7;11;17;16;24;18
1500;17/04/2017;3;13;2;22;7;15;20;5;10;1;17;11;18;12;19
1499;15/04/2017;15;23;12;2;4;5;3;14;13;24;18;8;7;1;19
1498;12/04/2017;16;25;14;17;7;23;10;5;15;18;11;4;21;8;24
1497;10/04/2017;22;5;12;7;11;2;19;14;13;18;23;17;1;15;16
1496;07/04/2017;7;13;9;25;23;17;3;10;2;19;6;20;15;11;12
1495;05/04/2017;13;23;24;5;3;22;10;2;18;4;14;25;8;1;12
1494;03/04/2017;2;9;13;11;3;20;19;4;25;15;10;22;12;17;1
1493;31/03/2017;10;19;14;24;25;21;2;13;20;11;16;23;5;15;8
1492;29/03/2017;15;3;5;25;8;4;19;18;12;10;16;24;7;17;2
1491;27/03/2017;20;14;2;13;23;9;19;11;5;7;25;6;24;4;22
1490;24/03/2017;5;22;19;4;20;15;11;9;18;7;3;1;14;8;13
1489;22/03/2017;25;12;14;22;20;19;2;7;9;15;23;4;8;10;13
1488;20/03/2017;19;23;21;11;25;24;10;6;20;5;12;1;4;13;16
1487;17/03/2017;21;15;3;19;25;5;22;6;4;12;1;2;11;10;16
1486;15/03/2017;22;9;8;18;14;12;2;21;25;4;5;10;23;20;19
1485;13/03/2017;5;24;17;1;11;2;15;23;13;18;3;25;9;19;8
1484;10/03/2017;17;2;6;18;22;7;21;19;3;25;4;1;9;12;10
1483;08/03/2017;6;3;20;5;17;21;9;15;14;13;11;7;23;4;22
1482;06/03/2017;12;23;7;2;9;8;11;24;1;4;15;10;19;5;14
1481;03/03/2017;25;11;23;7;2;20;18;8;9;3;24;21;17;19;5
1480;01/03/2017;6;25;16;10;12;22;11;20;1;7;13;21;17;15;19
1479;24/02/2017;13;15;18;22;3;9;17;5;23;6;14;20;16;2;11
1478;22/02/2017;6;21;12;15;25;19;7;10;17;11;2;24;16;5;18
1477;20/02/2017;21;23;7;4;5;2;10;3;1;12;22;15;17;6;18
1476;17/02/2017;4;14;19;9;10;13;16;7;25;21;2;6;12;5;22
1475;15/02/2017;24;15;18;13;2;20;3;1;21;9;6;10;25;12;5
1474;13/02/2017;8;20;7;1;18;15;14;2;13;19;21;5;10;11;25
1473;10/02/2017;20;4;8;7;12;14;25;22;23;16;5;10;1;9;24
1472;08/02/2017;14;18;8;10;4;24;22;13;7;12;2;5;23;3;21
1471;06/02/2017;8;18;13;4;10;7;15;6;22;11;2;21;20;1;24
1470;03/02/2017;14;21;23;3;12;18;24;7;22;15;20;13;11;8;2
1469;01/02/2017;5;16;6;3;8;11;7;9;2;13;20;19;18;1;17
1468;30/01/2017;20;19;5;13;12;3;23;8;24;21;18;14;6;11;2
1467;27/01/2017;9;10;25;20;19;22;12;21;6;4;1;5;24;11;23
1466;25/01/2017;10;12;3;6;14;11;24;2;21;23;19;20;25;22;4
1465;23/01/2017;24;12;19;10;8;16;23;9;22;21;5;7;20;14;2
1464;20/01/2017;23;11;9;12;16;17;24;13;4;15;14;18;10;1;22
1463;18/01/2017;23;7;11;20;10;4;22;15;6;17;19;13;3;24;14
1462;16/01/2017;9;14;17;12;1;21;3;7;20;4;16;5;25;13;24
1461;13/01/2017;9;10;21;24;5;4;17;2;19;18;25;15;6;23;11
1460;11/01/2017;17;16;11;7;18;14;20;3;21;1;19;5;15;24;25
1459;09/01/2017;12;6;14;16;25;1;18;13;24;4;19;9;17;10;20
1458;06/01/2017;20;11;17;18;7;3;1;22;24;19;9;5;2;23;14
1457;04/01/2017;14;23;8;15;4;2;9;1;18;10;3;13;7;24;11
1456;02/01/2017;8;13;20;6;25;19;15;12;1;7;2;14;24;9;21
1455;30/12/2016;15;23;20;2;17;21;16;14;7;5;19;18;22;8;25
1454;28/12/2016;10;22;1;25;3;18;21;19;13;14;12;4;23;20;7
1453;26/12/2016;2;8;13;15;1;24;19;25;5;23;16;14;21;9;10
1452;23/12/2016;8;25;17;2;10;11;7;14;20;24;13;21;5;15;23
1451;21/12/2016;5;24;3;12;13;14;20;23;25;19;10;21;1;15;2
1450;19/12/2016;13;16;20;5;14;17;8;24;2;19;4;22;1;10;9
1449;16/12/2016;23;7;6;20;4;9;16;8;3;22;11;15;5;1;24
1448;14/12/2016;23;24;5;21;1;19;4;18;6;13;8;3;22;12;16
1447;12/12/2016;25;5;13;17;4;21;19;3;24;12;22;8;11;1;18
1446;09/12/2016;13;22;17;4;21;25;23;20;12;24;1;16;8;7;6
1445;07/12/2016;8;6;15;20;13;4;5;1;18;25;23;16;17;10;22
1444;05/12/2016;24;18;6;10;2;17;4;9;11;20;5;21;14;1;15
1443;02/12/2016;16;10;7;2;17;1;8;14;11;5;24;9;12;15;3
1442;30/11/2016;1;12;15;16;20;11;9;21;3;2;19;13;7;17;4
1441;28/11/2016;22;9;1;16;6;5;4;11;19;10;25;13;23;3;7
1440;25/11/2016;12;3;20;22;17;18;8;10;21;25;14;2;13;24;16
1439;23/11/2016;14;12;11;5;3;15;16;2;22;24;17;19;1;18;13
1438;21/11/2016;1;10;8;21;4;24;11;17;15;14;7;9;20;12;22
1437;18/11/2016;7;9;19;4;6;25;2;8;11;23;14;5;20;13;17
1436;16/11/2016;5;6;19;3;23;24;2;1;8;18;11;22;12;17;15
1435;14/11/2016;4;17;5;20;1;10;6;16;2;19;23;3;9;21;12
1434;11/11/2016;4;13;6;3;5;9;7;22;18;24;23;10;12;19;15
1433;09/11/2016;16;14;23;9;22;6;20;12;15;25;3;7;10;24;18
1432;07/11/2016;25;17;4;24;18;11;23;12;3;1;16;5;20;21;10
1431;04/11/2016;16;14;9;8;19;20;10;23;12;2;1;15;25;7;17
1430;31/10/2016;1;20;4;16;23;8;21;7;22;13;5;25;3;9;15
1429;28/10/2016;15;19;25;20;14;13;16;18;8;9;7;10;5;12;21
1428;26/10/2016;22;13;17;2;6;9;5;18;3;8;21;20;4;25;19
1427;24/10/2016;18;17;15;1;14;16;20;2;25;12;11;22;10;19;7
1426;21/10/2016;10;2;14;16;4;3;18;23;8;12;22;7;15;25;24
1425;19/10/2016;16;9;3;11;4;13;5;14;12;21;1;19;20;8;25
1424;17/10/2016;11;2;20;13;18;25;4;17;5;23;21;10;8;6;9
1423;14/10/2016;2;7;19;8;1;13;12;11;4;22;15;23;16;5;14
1422;10/10/2016;11;16;14;15;7;19;22;5;13;17;23;10;4;24;1
1421;07/10/2016;6;24;9;19;18;3;11;7;20;17;5;8;12;23;14
1420;05/10/2016;13;6;1;15;16;25;17;4;22;14;8;10;23;7;20
1419;03/10/2016;7;18;23;15;6;16;12;17;21;24;3;19;20;11;2
1418;30/09/2016;21;2;13;14;9;6;11;23;20;15;4;18;10;22;17
1417;28/09/2016;4;19;11;14;1;7;13;15;3;9;2;6;18;22;23
1416;26/09/2016;8;14;12;15;7;17;18;20;10;24;4;9;5;19;3
1415;23/09/2016;25;18;6;17;24;13;19;2;12;4;23;15;10;22;5
1414;21/09/2016;3;4;11;13;23;2;9;7;20;14;21;10;5;16;17
1413;19/09/2016;17;5;16;4;2;6;9;10;13;21;18;3;7;8;25
1412;16/09/2016;18;5;11;22;15;24;16;21;23;7;25;19;13;6;9
1411;14/09/2016;9;5;13;23;1;17;21;14;8;12;16;7;10;6;15
1410;12/09/2016;9;7;23;4;2;5;6;10;15;16;17;20;21;3;14
1409;09/09/2016;4;17;7;8;2;6;14;1;12;16;25;22;11;24;19
1408;06/09/2016;13;1;3;24;10;19;14;23;12;21;25;22;5;11;8
1407;29/08/2016;5;24;20;10;25;1;6;22;2;12;13;23;7;4;21
1406;26/08/2016;15;24;13;6;5;9;2;21;4;22;20;25;3;11;19
1405;24/08/2016;24;9;20;11;18;23;14;19;4;2;10;15;16;3;7
1404;22/08/2016;22;25;1;2;3;16;15;18;21;13;19;10;4;8;11
1403;19/08/2016;17;21;5;16;8;11;23;4;15;12;25;13;3;9;10
1402;17/08/2016;3;19;2;15;14;8;11;21;9;5;16;23;12;4;20
1401;15/08/2016;4;8;22;25;21;14;3;24;1;5;19;7;15;6;18
1400;12/08/2016;19;21;23;9;22;2;12;25;24;3;10;5;6;16;1
1399;10/08/2016;12;25;9;4;6;21;8;19;13;24;22;5;15;14;17
1398;08/08/2016;24;8;5;16;14;21;7;11;15;20;4;25;19;6;1
1397;05/08/2016;11;1;25;18;13;22;14;21;6;9;8;3;12;5;4
1396;03/08/2016;13;17;23;12;25;20;7;22;3;18;19;24;10;6;5
1395;01/08/2016;17;22;16;12;23;25;6;13;19;8;7;18;11;5;14
1394;29/07/2016;9;11;15;5;23;3;4;18;19;10;16;6;21;22;14
1393;27/07/2016;9;3;11;20;22;23;13;14;10;7;18;5;17;12;4
1392;25/07/2016;14;9;3;15;21;16;8;18;25;2;22;1;17;20;4
1391;22/07/2016;3;15;16;21;5;24;1;25;19;11;6;10;12;20;17
1390;20/07/2016;14;3;15;5;20;18;13;6;7;16;8;11;21;17;23
1389;18/07/2016;20;8;15;2;18;17;6;5;1;10;12;4;14;16;21
1388;15/07/2016;25;11;10;15;5;19;8;12;3;21;7;18;1;23;20
1387;13/07/2016;16;24;4;11;12;5;7;9;6;14;1;3;18;13;15
1386;11/07/2016;9;1;16;22;4;18;7;3;24;17;25;13;2;21;19
1385;08/07/2016;19;12;23;18;4;10;17;14;8;9;5;13;20;15;11
1384;06/07/2016;11;9;15;12;19;8;18;6;4;3;13;25;22;24;20
1383;04/07/2016;22;2;25;15;16;7;8;17;14;24;9;21;13;6;20
1382;01/07/2016;24;19;10;21;15;6;16;12;13;20;1;22;17;14;18
1381;29/06/2016;18;16;14;9;1;8;21;12;25;19;17;6;10;4;13
1380;27/06/2016;15;21;8;3;5;16;25;4;24;6;14;11;22;12;17
1379;24/06/2016;17;7;14;2;18;5;10;1;12;4;15;22;21;9;8
1378;22/06/2016;19;6;2;25;8;1;20;24;21;10;17;23;3;12;13
1377;20/06/2016;10;15;5;19;12;1;6;9;25;13;17;8;20;22;21
1376;17/06/2016;12;6;3;15;18;19;22;13;14;16;5;20;24;4;1
1375;15/06/2016;18;20;24;15;25;11;14;23;6;9;22;16;1;10;5
1374;13/06/2016;9;4;19;23;15;3;2;5;16;6;10;14;20;25;21
1373;10/06/2016;5;4;6;18;17;7;3;20;24;8;12;2;21;23;1
1372;08/06/2016;23;3;17;13;2;21;9;18;7;16;1;25;15;10;5
1371;06/06/2016;25;22;5;15;20;19;3;13;21;24;18;23;17;4;7
1370;03/06/2016;11;2;17;24;22;21;18;14;20;5;7;8;13;25;4
1369;01/06/2016;18;5;4;11;24;22;10;14;9;12;3;13;16;17;21
1368;30/05/2016;23;16;24;20;18;7;10;5;19;25;22;11;8;14;12
1367;27/05/2016;14;7;23;4;2;5;3;6;20;15;17;18;16;9;24
1366;25/05/2016;15;24;8;21;22;9;12;14;25;13;16;10;11;17;4
1365;23/05/2016;22;25;23;15;21;19;6;14;12;2;24;3;20;9;10
1364;20/05/2016;6;17;22;15;9;13;10;12;20;18;16;25;24;1;11
1363;18/05/2016;12;7;14;16;15;17;5;10;19;20;22;13;21;9;23
1362;16/05/2016;13;6;9;22;12;1;4;3;25;21;24;11;10;23;16
1361;13/05/2016;5;14;11;19;4;25;18;15;20;12;23;17;13;1;16
1360;11/05/2016;14;5;24;6;12;20;4;11;10;8;2;3;18;23;1
1359;09/05/2016;18;11;9;13;5;3;17;7;14;8;15;16;20;23;21
1358;06/05/2016;2;23;8;15;1;3;6;20;22;4;13;18;9;17;19
1357;04/05/2016;22;9;21;7;12;15;23;13;3;17;10;11;18;20;8
1356;02/05/2016;11;6;15;12;20;8;3;16;14;19;4;13;17;10;9
1355;29/04/2016;2;4;7;15;20;16;24;3;21;1;22;8;18;6;11
1354;27/04/2016;1;12;20;9;7;11;3;2;24;13;21;15;18;5;14
1353;25/04/2016;14;8;21;24;5;18;3;9;25;10;23;12;22;11;7
1352;22/04/2016;16;11;15;19;24;13;20;6;25;10;23;8;14;21;12
1351;20/04/2016;7;13;6;25;23;17;2;24;10;21;20;11;4;22;19
1350;18/04/2016;9;23;11;19;12;20;8;6;21;13;18;1;5;16;14
1349;15/04/2016;12;18;16;7;5;19;14;2;25;4;3;6;8;21;24
1348;13/04/2016;7;24;8;14;15;21;1;18;2;20;6;22;25;9;10
1347;11/04/2016;3;8;6;14;20;13;7;23;17;24;12;1;18;10;5
1346;08/04/2016;19;10;2;18;3;8;14;15;7;23;5;21;20;25;11
1345;06/04/2016;10;14;3;15;22;11;7;1;19;24;21;25;9;8;17
1344;04/04/2016;6;17;25;21;8;18;23;11;13;2;7;10;4;24;12
1343;01/04/2016;5;15;10;16;13;17;23;9;19;11;14;4;24;21;2
1342;30/03/2016;12;21;5;23;10;13;1;24;25;9;15;3;2;20;11
1341;28/03/2016;24;21;3;16;10;1;23;8;20;4;17;14;9;15;13
1340;26/03/2016;10;13;16;9;19;5;18;4;12;7;14;17;22;1;2
1339;23/03/2016;11;8;24;13;14;3;16;5;2;21;23;4;6;7;20
1338;21/03/2016;16;7;6;17;1;13;14;4;10;19;11;3;15;12;2
1337;18/03/2016;6;23;5;10;13;3;16;12;21;8;1;25;19;9;15
1336;16/03/2016;6;9;20;12;19;10;14;13;8;24;15;18;11;17;22
1335;14/03/2016;3;10;18;11;17;23;24;1;9;7;6;4;16;25;13
1334;11/03/2016;10;15;11;4;19;3;9;17;18;21;13;16;6;22;7
1333;09/03/2016;10;17;9;20;22;8;3;5;11;4;24;18;7;14;12
1332;07/03/2016;21;16;11;13;18;8;24;12;4;14;6;20;5;15;1
1331;04/03/2016;1;5;11;23;10;6;25;16;7;24;2;15;14;18;3
1330;02/03/2016;17;20;10;5;12;23;22;24;4;25;16;18;19;13;7
1329;29/02/2016;23;3;2;15;4;11;25;18;10;13;5;16;24;22;7
1328;26/02/2016;16;15;10;5;22;23;24;13;21;8;6;9;25;2;17
1327;24/02/2016;3;7;16;25;20;23;10;22;1;5;18;17;4;14;13
1326;22/02/2016;9;6;21;17;22;25;1;24;8;3;4;10;19;20;18
1325;19/02/2016;21;18;9;10;2;7;5;14;3;20;15;6;16;25;19
1324;17/02/2016;4;11;1;10;8;19;18;24;21;13;17;6;25;5;7
1323;15/02/2016;19;23;6;5;1;11;4;14;20;9;10;13;21;17;22
1322;12/02/2016;21;9;15;25;6;7;18;8;24;17;16;2;13;11;1
1321;10/02/2016;4;20;10;3;23;6;13;24;9;11;14;2;18;7;19
1320;05/02/2016;17;5;16;22;23;4;11;21;9;12;15;3;13;2;25
1319;03/02/2016;5;19;15;14;22;25;6;11;9;3;17;23;8;10;13
1318;01/02/2016;12;23;17;8;14;6;9;4;1;3;13;2;20;7;15
1317;29/01/2016;25;9;1;11;8;10;3;16;24;7;20;23;22;5;14
1316;27/01/2016;20;12;23;25;1;24;6;17;2;4;3;19;5;15;11
1315;25/01/2016;12;19;23;11;5;18;1;8;4;3;2;25;16;10;14
1314;22/01/2016;14;24;19;16;10;22;25;18;5;15;8;11;3;21;9
1313;20/01/2016;25;8;17;23;24;10;21;22;20;1;4;16;13;15;11
1312;18/01/2016;25;18;4;11;19;1;20;2;9;6;13;24;23;7;5
1311;15/01/2016;10;12;17;5;11;3;18;14;6;15;20;25;8;2;23
1310;13/01/2016;23;19;10;4;17;8;18;15;5;1;21;7;3;2;11
1309;11/01/2016;19;13;12;24;4;14;16;5;10;18;2;6;25;8;20
1308;08/01/2016;16;11;6;19;17;14;9;22;25;8;20;7;23;5;3
1307;06/01/2016;15;10;13;18;14;8;23;20;6;3;21;16;12;4;9
1306;04/01/2016;2;22;13;15;14;6;9;23;19;18;5;20;1;7;12
1305;02/01/2016;13;7;4;15;20;12;17;8;2;6;25;23;11;5;3
1304;30/12/2015;8;20;13;10;18;7;1;19;25;2;17;11;14;21;3
1303;28/12/2015;8;1;19;18;11;15;22;5;20;9;23;13;14;16;10
1302;26/12/2015;22;12;3;20;14;17;9;16;13;25;18;4;6;11;15
1301;23/12/2015;24;1;25;7;19;4;14;6;10;9;22;3;16;17;2
1300;21/12/2015;25;10;24;14;9;15;13;23;20;11;6;18;2;12;7
1299;18/12/2015;8;20;5;13;23;3;22;1;11;25;18;17;19;7;21
1298;16/12/2015;24;4;25;20;6;18;22;12;17;9;23;3;2;21;7
1297;14/12/2015;6;11;18;12;9;8;22;1;5;17;10;19;2;16;7
1296;11/12/2015;23;7;18;10;20;15;17;9;5;14;11;25;19;16;21
1295;09/12/2015;10;11;12;19;24;15;6;18;25;9;23;14;17;13;3
1294;07/12/2015;13;8;16;18;12;14;11;20;2;23;5;7;25;10;6
1293;04/12/2015;22;24;20;11;17;9;1;2;7;13;18;15;12;8;10
1292;02/12/2015;23;24;17;8;2;25;10;22;15;1;3;7;11;19;14
1291;30/11/2015;24;15;19;10;21;18;12;16;6;20;8;11;1;13;7
1290;27/11/2015;25;23;11;16;3;13;6;14;20;4;21;5;22;1;19
1289;25/11/2015;2;7;25;1;22;17;18;24;13;8;5;11;15;16;20
1288;23/11/2015;13;5;20;2;18;24;23;1;9;10;19;25;16;15;17
1287;20/11/2015;22;21;24;4;13;19;11;3;9;25;6;5;17;18;23
1286;18/11/2015;23;12;21;16;11;20;19;10;1;4;3;25;17;7;5
1285;16/11/2015;7;15;18;6;16;1;24;17;10;12;25;20;11;22;2
1284;13/11/2015;13;23;18;16;8;17;11;5;10;7;22;25;20;2;4
1283;11/11/2015;13;17;18;16;8;10;15;9;22;7;12;2;23;6;11
1282;09/11/2015;21;7;12;6;11;19;20;17;5;14;10;9;22;25;23
1281;06/11/2015;23;13;3;24;21;22;5;12;6;15;9;25;19;1;8
1280;04/11/2015;19;25;23;22;14;7;24;3;17;1;11;5;9;15;4
1279;03/11/2015;8;16;21;12;14;18;3;9;11;4;19;1;23;7;13
1278;30/10/2015;21;24;18;19;20;7;22;9;4;16;17;15;10;6;12
1277;28/10/2015;18;22;4;17;25;3;12;13;21;15;9;6;2;1;10
1276;26/10/2015;19;14;21;3;22;16;15;23;18;7;1;5;10;12;24
1275;23/10/2015;14;17;18;7;13;15;20;6;16;23;8;11;10;25;3
1274;21/10/2015;18;25;14;22;1;15;7;20;8;3;13;11;10;12;19
1273;19/10/2015;1;18;22;8;13;3;6;24;5;15;14;11;12;20;19
1272;16/10/2015;21;15;4;14;9;25;20;18;23;10;17;1;24;19;7
1271;14/10/2015;8;25;2;6;14;13;24;4;17;12;1;23;9;11;18
1270;13/10/2015;5;3;23;8;25;2;10;1;13;11;6;4;21;9;20
1269;09/10/2015;11;14;22;7;13;5;17;18;21;23;8;4;16;20;1
1268;07/10/2015;18;1;11;7;21;24;13;15;3;2;8;22;17;12;6
1267;05/10/2015;18;7;5;3;17;12;9;6;15;2;16;22;25;13;11
1266;02/10/2015;20;15;23;8;3;11;6;14;13;2;1;5;24;9;10
1265;30/09/2015;25;13;23;4;16;22;1;11;3;14;19;15;7;2;24
1264;28/09/2015;23;4;11;12;22;25;5;14;8;1;21;17;24;10;18
1263;25/09/2015;9;8;20;22;11;16;12;5;23;13;4;3;25;18;10
1262;23/09/2015;22;4;12;11;23;1;21;6;24;16;13;3;17;20;8
1261;21/09/2015;5;17;12;25;20;4;18;10;21;16;19;15;7;1;22
1260;18/09/2015;6;15;4;24;2;22;7;18;14;11;20;3;1;5;17
1259;16/09/2015;18;20;23;13;2;17;9;5;10;14;8;22;19;16;25
1258;14/09/2015;6;2;10;21;4;20;9;13;12;8;3;5;23;25;14
1257;11/09/2015;1;10;13;19;8;2;22;6;20;14;12;5;11;25;16
1256;09/09/2015;13;11;6;18;19;23;1;15;12;22;8;10;2;14;16
1255;08/09/2015;14;13;2;6;4;25;16;1;9;21;20;7;23;18;10
1254;28/08/2015;17;14;15;22;16;8;9;21;11;23;2;20;12;18;3
1253;26/08/2015;16;20;1;18;15;7;3;23;11;2;6;25;24;5;22
1252;24/08/2015;10;21;12;3;9;24;23;4;1;15;5;11;20;8;6
1251;21/08/2015;25;21;10;6;14;8;16;15;9;17;20;2;23;7;19
1250;19/08/2015;25;24;10;15;5;9;19;3;17;2;7;18;14;20;4
1249;17/08/2015;18;14;5;19;9;25;12;3;13;22;24;4;15;6;20
1248;14/08/2015;22;19;17;24;15;20;1;5;25;13;12;10;16;11;3
1247;12/08/2015;11;24;19;15;25;20;3;9;8;16;7;2;17;18;23
1246;10/08/2015;19;24;8;18;13;10;17;22;7;1;12;16;9;4;25
1245;07/08/2015;21;6;25;16;5;9;18;19;3;11;8;15;17;4;2
1244;05/08/2015;16;19;10;7;17;3;12;13;1;23;11;21;5;9;25
1243;03/08/2015;4;25;17;14;5;1;8;2;16;15;13;12;22;24;6
1242;31/07/2015;24;14;20;1;7;15;16;5;4;25;2;19;23;11;21
1241;29/07/2015;1;10;25;9;15;4;17;8;11;5;12;20;24;22;13
1240;27/07/2015;18;22;13;24;16;1;20;5;6;4;9;19;12;2;3
1239;24/07/2015;14;24;16;12;9;15;10;18;8;11;20;6;22;13;5
1238;22/07/2015;17;14;5;15;18;11;2;9;13;16;3;21;25;8;7
1237;20/07/2015;22;12;24;3;14;25;21;8;6;10;5;9;7;18;13
1236;17/07/2015;2;9;25;23;6;5;1;3;11;17;19;12;10;7;13
1235;15/07/2015;13;12;6;4;10;24;11;2;18;20;17;15;3;1;9
1234;13/07/2015;10;18;1;19;24;2;17;5;25;14;9;16;20;21;8
1233;10/07/2015;16;5;1;9;4;15;18;25;17;23;22;19;14;10;13
1232;08/07/2015;15;25;5;24;13;23;3;10;6;19;9;16;14;21;2
1231;06/07/2015;22;7;12;1;13;25;3;20;5;4;15;8;16;21;18
1230;03/07/2015;19;17;8;11;21;7;12;5;6;18;1;10;13;2;3
1229;01/07/2015;14;17;20;7;3;25;19;5;8;22;2;6;1;24;13
1228;29/06/2015;7;9;4;12;3;10;1;2;17;23;6;22;24;13;20
1227;26/06/2015;25;10;11;21;14;1;19;7;9;13;12;8;2;17;22
1226;24/06/2015;8;23;24;10;7;15;22;14;1;11;19;21;5;17;3
1225;22/06/2015;24;20;2;5;15;7;3;23;17;25;18;14;13;11;21
1224;19/06/2015;19;8;2;12;1;15;18;4;14;5;16;6;17;11;9
1223;17/06/2015;22;18;21;14;20;6;8;17;23;7;10;2;16;9;13
1222;15/06/2015;9;4;13;15;2;20;8;5;22;24;3;11;10;1;17
1221;12/06/2015;10;22;3;24;18;19;15;2;12;6;9;23;14;4;21
1220;10/06/2015;23;3;20;18;7;14;4;6;13;17;25;19;5;2;9
1219;08/06/2015;5;23;6;8;25;22;10;9;2;14;3;16;4;19;20
1218;05/06/2015;11;2;21;5;13;18;3;7;9;14;23;10;20;4;1
1217;03/06/2015;12;10;11;13;17;1;9;19;25;3;8;20;7;6;24
1216;01/06/2015;18;15;2;17;10;24;14;20;1;21;22;12;3;23;7
1215;29/05/2015;14;21;15;18;20;3;9;24;13;22;12;17;7;11;16
1214;27/05/2015;23;19;20;13;4;21;5;2;7;9;18;1;14;3;8
1213;25/05/2015;25;17;10;20;7;5;18;9;14;24;8;3;2;6;23
1212;22/05/2015;9;2;17;1;6;7;18;24;3;20;10;8;5;16;15
1211;20/05/2015;17;2;7;23;3;16;10;11;20;24;12;15;5;1;13
1210;18/05/2015;13;22;25;19;21;11;15;20;1;2;16;8;10;18;4
1209;15/05/2015;9;4;5;19;3;14;15;18;20;7;10;24;8;16;11
1208;13/05/2015;20;14;19;15;25;5;24;22;10;3;1;11;4;18;2
1207;11/05/2015;21;3;13;9;15;12;1;11;19;18;14;24;10;4;7
1206;08/05/2015;11;7;1;21;23;25;15;5;3;24;14;22;18;13;10
1205;06/05/2015;18;11;20;25;3;8;1;17;21;24;22;12;9;14;6
1204;04/05/2015;9;22;15;23;1;5;20;12;2;21;19;8;13;7;16
1203;02/05/2015;2;23;6;1;17;24;12;11;5;25;14;3;13;22;15
1202;29/04/2015;10;4;17;2;3;18;23;16;8;25;24;14;13;20;19
1201;27/04/2015;22;16;19;9;10;25;14;20;11;21;24;18;23;6;5
1200;24/04/2015;16;6;10;14;8;22;7;5;11;12;24;25;4;15;3
1199;22/04/2015;4;25;2;21;6;1;10;24;22;14;15;5;16;3;19
1198;20/04/2015;23;6;3;1;15;11;7;21;10;4;25;17;9;20;22
1197;17/04/2015;17;14;8;13;5;18;4;7;1;24;25;6;20;16;11
1196;15/04/2015;12;4;17;9;20;8;23;16;11;1;6;2;7;19;18
1195;13/04/2015;10;5;12;11;17;1;22;20;15;6;19;14;25;18;9
1194;10/04/2015;23;12;10;2;18;9;8;16;22;19;25;24;15;17;4
1193;08/04/2015;1;9;23;25;18;7;4;15;8;14;10;20;19;22;13
1192;06/04/2015;15;20;5;16;19;9;21;2;6;12;1;3;13;4;11
1191;04/04/2015;18;7;1;24;17;22;10;14;3;2;16;5;25;12;13
1190;01/04/2015;23;9;21;17;10;25;14;2;3;4;15;16;22;11;6
1189;30/03/2015;12;19;5;25;18;13;4;20;9;8;21;17;14;3;15
1188;27/03/2015;2;6;23;5;10;18;24;1;14;8;13;22;20;12;4
1187;25/03/2015;22;23;11;16;21;8;12;2;4;19;10;25;7;14;1
1186;23/03/2015;14;4;5;24;20;22;6;9;15;23;2;16;11;1;18
1185;20/03/2015;25;13;3;24;21;5;9;14;16;6;19;18;22;7;23
1184;18/03/2015;6;21;19;25;16;18;4;2;11;14;20;17;12;7;10
1183;16/03/2015;16;22;4;20;1;11;14;25;15;13;19;3;18;24;9
1182;13/03/2015;21;8;16;6;18;10;20;13;22;7;12;24;25;3;19
1181;11/03/2015;23;21;24;9;11;14;20;5;4;8;3;13;7;22;6
1180;09/03/2015;9;10;22;11;7;23;2;13;19;6;20;1;14;15;8
1179;06/03/2015;9;7;15;5;19;8;20;21;6;1;2;25;3;13;18
1178;04/03/2015;20;4;16;19;1;17;11;7;9;18;24;8;23;12;21
1177;02/03/2015;9;17;2;10;16;3;11;25;22;12;23;20;8;6;5
1176;27/02/2015;5;7;16;19;25;15;12;23;2;20;13;11;3;10;18
1175;25/02/2015;8;19;24;15;12;23;21;1;3;25;10;4;14;20;13
1174;23/02/2015;5;15;3;11;6;10;1;13;2;23;18;19;9;8;17
1173;20/02/2015;21;16;11;9;4;8;22;20;1;2;18;5;19;14;7
1172;18/02/2015;24;11;8;20;10;12;25;9;13;23;19;16;6;14;2
1171;13/02/2015;17;14;21;8;12;16;18;23;1;13;22;20;11;7;15
1170;11/02/2015;10;1;18;4;8;15;13;22;20;2;21;7;16;25;19
1169;09/02/2015;22;21;4;15;8;18;9;17;25;12;16;3;24;2;7
1168;06/02/2015;16;25;24;4;8;11;19;13;23;1;5;9;7;10;3
1167;04/02/2015;23;7;5;2;16;18;4;12;11;15;9;14;8;21;1
1166;02/02/2015;19;2;17;14;10;20;21;6;15;12;5;18;24;9;4
1165;30/01/2015;18;9;12;21;22;25;3;8;10;19;2;5;15;17;1
1164;28/01/2015;4;5;15;20;8;17;10;3;23;21;11;24;13;22;25
1163;26/01/2015;24;11;7;13;21;14;12;16;6;9;17;23;19;2;20
1162;23/01/2015;19;21;3;13;25;11;15;20;1;18;23;9;7;4;24
1161;21/01/2015;2;1;25;22;11;5;19;17;4;18;6;15;8;24;10
1160;19/01/2015;7;17;6;4;22;18;10;16;11;5;25;15;8;2;21
1159;16/01/2015;15;8;4;24;16;2;22;1;14;6;17;23;9;25;3
1158;14/01/2015;3;2;13;15;19;25;16;10;22;20;7;5;17;24;14
1157;12/01/2015;2;6;11;8;16;5;18;22;4;21;7;24;13;15;12
1156;09/01/2015;3;1;22;15;13;25;21;12;11;24;17;4;14;6;7
1155;07/01/2015;22;24;13;12;4;19;18;8;9;3;16;2;25;15;1
1154;05/01/2015;3;15;4;25;17;1;11;21;13;16;10;5;24;19;23
1153;02/01/2015;3;9;18;6;25;12;2;1;5;24;19;20;13;15;8
1152;31/12/2014;10;19;3;18;4;20;22;8;9;16;7;5;25;12;21
1151;29/12/2014;11;3;24;7;15;21;12;25;9;22;16;1;14;10;20
1150;26/12/2014;12;11;20;13;9;18;7;17;23;22;5;8;24;15;14
1149;24/12/2014;21;19;8;2;1;23;18;6;12;7;15;22;10;3;17
1148;22/12/2014;5;17;3;24;6;14;19;1;13;16;10;4;18;9;20
1147;19/12/2014;12;14;22;11;1;20;18;8;6;15;19;9;16;7;25
1146;17/12/2014;24;17;2;7;13;21;4;3;11;22;25;15;19;5;18
1145;15/12/2014;13;17;14;15;6;5;9;11;3;23;8;16;18;4;24
1144;12/12/2014;4;24;25;7;6;18;2;8;23;17;10;19;3;14;13
1143;10/12/2014;1;3;4;10;11;18;12;23;13;14;17;6;16;24;25
1142;08/12/2014;24;22;10;20;9;23;16;15;12;7;8;13;19;4;2
1141;05/12/2014;18;9;17;11;5;16;10;24;22;6;12;25;13;15;23
1140;03/12/2014;24;21;3;20;15;4;10;19;7;8;23;5;6;18;25
1139;01/12/2014;18;22;17;16;2;1;19;15;11;6;3;25;14;21;13
1138;28/11/2014;13;1;21;7;20;22;11;6;5;3;16;2;18;15;10
1137;26/11/2014;23;21;15;8;9;2;5;19;11;4;20;12;7;10;25
1136;24/11/2014;6;22;10;1;19;11;24;7;9;17;5;15;2;18;21
1135;21/11/2014;16;9;4;18;15;17;3;10;8;5;23;24;12;25;19
1134;19/11/2014;10;2;17;13;14;23;11;4;20;1;25;18;8;12;15
1133;17/11/2014;6;8;16;4;13;18;12;9;2;24;10;14;25;7;5
1132;14/11/2014;17;22;1;23;12;7;9;8;14;11;21;6;2;13;24
1131;12/11/2014;2;3;25;6;14;15;4;21;20;12;24;22;17;16;19
1130;10/11/2014;2;5;1;12;8;22;15;13;25;14;20;17;10;11;24
1129;07/11/2014;21;3;22;18;17;5;13;19;7;2;8;4;16;23;12
1128;05/11/2014;3;7;10;1;11;2;24;16;14;4;25;6;17;20;12
1127;03/11/2014;22;3;6;13;15;16;9;24;17;1;14;8;11;23;4
1126;31/10/2014;16;13;25;7;3;12;22;24;17;19;8;5;18;23;6
1125;29/10/2014;22;4;12;3;13;18;1;25;16;11;6;17;21;15;9
1124;27/10/2014;6;22;13;12;24;3;15;1;5;19;4;25;21;10;8
1123;24/10/2014;13;6;4;8;11;24;22;10;16;15;19;23;7;2;17
1122;22/10/2014;16;3;21;7;11;12;13;2;19;24;10;25;14;20;23
1121;20/10/2014;1;17;22;23;4;9;8;25;20;6;2;12;5;18;11
1120;17/10/2014;5;9;10;13;8;24;19;4;2;18;17;14;16;12;6
1119;15/10/2014;18;5;15;12;3;17;7;10;1;20;14;6;23;2;8
1118;13/10/2014;24;11;5;14;1;13;8;15;25;10;2;21;23;6;20
1117;10/10/2014;8;19;11;16;12;13;15;21;1;3;5;23;7;14;2
1116;08/10/2014;1;6;9;5;25;22;12;21;2;4;15;18;3;17;24
1115;06/10/2014;8;23;3;22;17;11;20;18;7;24;9;10;2;12;25
1114;03/10/2014;20;5;8;18;12;6;22;4;11;10;19;1;15;2;3
1113;01/10/2014;7;22;24;1;15;20;19;17;9;25;14;12;6;13;3
1112;29/09/2014;17;16;20;7;2;22;15;8;12;1;24;6;3;18;13
1111;26/09/2014;15;9;2;13;23;14;22;6;25;3;24;16;11;12;4
1110;24/09/2014;25;1;15;10;9;2;3;4;6;20;24;22;19;17;18
1109;22/09/2014;4;9;8;1;6;11;17;20;7;18;19;21;25;5;10
1108;19/09/2014;12;17;25;22;21;8;14;2;1;5;7;13;24;9;4
1107;17/09/2014;1;19;16;10;4;18;20;11;24;12;8;21;14;9;2
1106;15/09/2014;11;10;15;24;19;3;12;14;23;2;13;16;4;21;9
1105;12/09/2014;11;9;13;25;24;17;18;15;1;6;4;20;23;7;2
1104;10/09/2014;15;9;14;2;21;6;19;18;11;8;23;22;13;16;5
1103;08/09/2014;10;7;12;14;18;4;25;5;16;2;21;9;20;11;22
1102;07/09/2014;3;20;18;6;8;2;19;15;23;24;21;14;22;12;5
1101;29/08/2014;1;10;3;25;24;23;11;18;17;19;6;2;9;15;13
1100;27/08/2014;24;16;7;11;14;18;6;10;23;20;5;19;9;15;12
1099;25/08/2014;8;22;14;7;11;16;6;3;24;25;23;21;2;12;13
1098;22/08/2014;11;14;12;7;25;24;23;16;3;10;15;4;18;8;5
1097;20/08/2014;10;4;16;9;24;12;15;23;18;25;20;19;14;5;6
1096;18/08/2014;25;12;8;4;22;20;13;23;2;7;10;14;21;15;1
1095;15/08/2014;16;2;24;9;15;21;22;5;18;25;6;17;3;23;7
1094;13/08/2014;22;5;16;10;3;2;9;8;14;1;4;6;12;19;25
1093;11/08/2014;1;10;5;11;6;18;4;9;25;22;23;24;21;2;13
1092;08/08/2014;25;4;24;5;20;9;14;22;8;11;13;12;15;18;19
1091;06/08/2014;5;7;6;25;16;4;23;24;13;20;14;10;9;2;12
1090;04/08/2014;11;22;15;9;5;21;14;20;24;18;13;3;10;8;17
1089;01/08/2014;15;8;4;16;24;3;23;6;2;13;22;14;12;21;19
1088;30/07/2014;6;19;12;22;7;3;1;2;18;10;5;13;9;20;23
1087;28/07/2014;6;17;19;2;24;18;16;20;12;3;23;4;9;13;21
1086;25/07/2014;19;7;24;21;12;15;5;17;2;13;18;4;10;22;23
1085;23/07/2014;25;19;21;7;9;14;6;10;18;23;8;3;24;16;22
1084;21/07/2014;7;4;24;25;17;18;1;6;21;13;9;5;3;2;10
1083;18/07/2014;1;18;20;11;16;24;17;4;6;23;2;13;3;22;21
1082;16/07/2014;24;10;9;19;11;7;23;16;3;18;17;21;13;22;15
1081;14/07/2014;21;10;5;16;13;12;14;1;15;22;18;19;6;7;23
1080;11/07/2014;5;14;3;17;12;21;2;16;10;6;23;22;15;25;11
1079;09/07/2014;15;24;6;11;22;5;13;20;16;19;8;17;7;21;14
1078;07/07/2014;23;13;6;24;11;25;2;10;21;7;18;17;5;4;9
1077;04/07/2014;20;19;12;13;2;5;8;24;7;15;6;21;14;10;1
1076;02/07/2014;18;15;12;11;20;13;17;9;16;25;4;14;21;10;22
1075;30/06/2014;21;15;16;24;6;17;1;18;22;12;2;23;25;9;10
1074;27/06/2014;9;10;8;25;13;11;17;22;23;24;21;1;4;7;20
1073;25/06/2014;13;20;17;16;23;5;3;6;1;19;22;4;7;24;21
1072;23/06/2014;2;4;7;22;23;25;14;17;20;3;13;1;5;15;9
1071;20/06/2014;11;6;14;16;3;2;13;17;21;4;22;24;5;10;12
1070;18/06/2014;9;22;18;23;4;20;25;11;13;19;12;10;21;16;24
1069;16/06/2014;22;23;17;15;1;11;16;4;8;12;3;10;13;25;24
1068;13/06/2014;24;20;18;10;14;17;11;13;21;15;16;6;2;22;7
1067;11/06/2014;21;15;1;3;5;14;2;11;17;4;10;25;7;13;22
1066;09/06/2014;10;24;6;16;21;5;4;22;14;11;17;19;2;18;23
1065;06/06/2014;12;20;14;21;5;15;4;2;19;24;6;25;17;22;3
1064;04/06/2014;15;25;9;7;11;10;14;2;24;8;16;18;19;21;3
1063;02/06/2014;14;24;6;10;16;25;15;7;13;2;22;5;21;12;20
1062;30/05/2014;8;7;13;4;9;16;23;17;3;19;15;11;5;25;20
1061;28/05/2014;24;12;15;2;14;23;16;21;5;22;3;7;19;9;8
1060;26/05/2014;17;7;20;13;4;14;16;8;2;15;1;5;22;23;21
1059;23/05/2014;21;24;8;19;3;20;7;15;16;11;2;1;22;5;14
1058;21/05/2014;22;9;24;17;6;12;25;18;13;4;21;20;7;5;16
1057;19/05/2014;19;25;13;7;20;11;9;6;23;4;21;16;14;1;8
1056;16/05/2014;22;15;18;4;6;21;10;23;9;14;2;8;5;11;19
1055;14/05/2014;12;7;1;24;10;2;8;9;25;22;14;18;13;3;23
1054;12/05/2014;20;15;9;5;3;24;17;12;6;16;4;2;25;18;13
1053;09/05/2014;14;12;24;17;22;13;2;6;4;1;3;15;18;11;23
1052;07/05/2014;18;8;3;1;5;11;24;21;10;23;6;16;20;17;4
1051;05/05/2014;3;8;4;7;14;13;16;23;20;10;25;2;18;21;11
1050;02/05/2014;24;1;7;15;21;22;25;17;19;4;6;13;10;12;16
1049;30/04/2014;18;17;20;9;12;22;25;21;4;23;14;2;5;19;16
1048;28/04/2014;15;16;1;20;9;17;10;2;21;25;18;7;3;6;5
1047;25/04/2014;15;21;20;11;17;24;8;22;12;7;9;10;16;4;25
1046;23/04/2014;13;14;21;3;7;12;18;4;11;25;20;5;22;8;23
1045;19/04/2014;24;23;20;6;9;17;3;25;16;2;11;5;22;21;15
1044;16/04/2014;17;10;20;24;11;6;12;23;5;2;8;15;4;7;25
1043;14/04/2014;6;25;7;17;14;12;18;11;1;2;9;19;8;24;10
1042;11/04/2014;7;1;15;10;21;14;16;24;6;11;22;9;3;8;19
1041;09/04/2014;25;20;12;21;19;15;24;5;10;23;3;7;13;1;17
1040;07/04/2014;10;12;4;23;25;9;2;1;6;16;20;22;13;21;8
1039;04/04/2014;21;1;15;18;9;2;19;14;22;20;3;12;24;8;13
1038;02/04/2014;8;10;24;19;6;7;20;18;16;9;17;2;13;21;25
1037;31/03/2014;11;20;9;25;17;18;1;12;24;5;15;21;6;10;23
1036;28/03/2014;14;12;7;22;18;21;4;9;11;5;19;24;10;17;20
1035;26/03/2014;15;13;21;19;25;20;7;6;12;14;9;18;23;4;22
1034;24/03/2014;8;2;23;3;13;17;12;6;21;10;20;18;14;19;4
1033;21/03/2014;13;4;18;17;7;14;12;23;16;6;21;24;22;8;3
1032;19/03/2014;23;4;2;6;3;10;20;11;8;17;16;13;18;14;1
1031;17/03/2014;12;4;9;24;11;14;17;2;22;5;19;15;1;6;20
1030;14/03/2014;19;8;15;16;2;23;11;4;20;3;1;17;9;18;10
1029;12/03/2014;2;6;22;13;24;19;14;25;1;18;11;23;17;3;8
1028;10/03/2014;4;25;5;11;24;17;20;7;10;19;6;9;8;23;16
1027;07/03/2014;10;14;19;1;16;9;25;15;6;5;12;3;8;21;23
1026;05/03/2014;1;6;7;12;19;11;20;16;24;18;14;23;5;15;21
1025;28/02/2014;16;11;9;22;1;13;19;14;25;7;18;17;2;15;23
1024;26/02/2014;7;2;23;4;14;13;20;17;10;9;12;22;11;21;1
1023;24/02/2014;21;18;9;11;16;14;8;23;6;22;3;7;13;2;1
1022;21/02/2014;25;9;10;21;3;22;18;5;16;7;8;4;24;1;14
1021;19/02/2014;1;21;20;13;9;6;14;22;15;18;5;16;10;19;23
1020;17/02/2014;7;12;20;21;18;9;5;2;15;24;3;19;11;16;13
1019;14/02/2014;22;3;18;8;12;20;7;5;21;2;4;17;23;1;10
1018;12/02/2014;11;17;2;19;18;7;5;10;8;16;14;22;12;24;4
1017;10/02/2014;21;4;16;10;9;3;2;19;8;11;12;17;23;1;15
1016;07/02/2014;15;3;19;20;25;2;21;23;1;12;6;14;5;11;16
1015;05/02/2014;3;23;18;13;17;21;1;7;2;5;15;8;20;16;6
1014;03/02/2014;13;24;14;10;25;9;2;8;1;18;12;23;17;22;20
1013;31/01/2014;7;18;1;4;20;17;3;19;11;21;13;23;10;2;5
1012;29/01/2014;16;17;1;25;7;15;12;24;18;9;11;21;14;2;22
1011;27/01/2014;4;19;9;25;18;10;17;7;23;3;24;15;1;13;5
1010;24/01/2014;11;4;21;8;14;10;1;2;15;19;13;23;6;16;22
1009;22/01/2014;9;6;4;12;18;11;24;2;10;20;17;14;22;19;15
1008;20/01/2014;19;12;13;7;6;18;3;16;10;8;22;17;9;1;21
1007;17/01/2014;24;6;2;20;11;25;9;3;12;7;22;1;23;10;18
1006;15/01/2014;4;7;6;5;15;22;13;3;16;23;1;24;20;14;9
1005;13/01/2014;21;9;18;20;10;1;14;22;12;19;24;15;16;5;7
1004;10/01/2014;12;21;10;3;6;22;15;18;25;19;14;20;2;1;24
1003;09/01/2014;1;12;25;3;21;16;10;20;14;17;19;8;2;23;6
1002;06/01/2014;22;18;17;8;12;4;24;21;15;20;14;3;13;16;10
1001;03/01/2014;23;8;6;17;14;25;21;13;12;10;19;11;5;20;7
1000;30/12/2013;13;16;11;14;4;18;22;3;8;17;20;12;15;19;2
999;27/12/2013;6;2;14;16;24;15;18;10;1;13;21;8;12;5;7
998;23/12/2013;19;1;5;3;22;2;14;12;9;20;11;17;21;23;4
997;20/12/2013;2;24;22;4;18;7;15;10;19;5;12;23;16;17;9
996;18/12/2013;20;18;21;9;24;2;17;4;16;6;3;13;25;7;23
995;16/12/2013;14;2;23;9;20;12;13;8;7;3;22;17;4;24;1
994;13/12/2013;25;23;12;18;8;15;5;11;16;9;3;22;13;7;14
993;11/12/2013;7;5;12;17;20;4;2;25;24;9;14;21;10;23;22
992;09/12/2013;5;17;8;24;20;15;11;13;9;3;19;1;7;4;10
991;06/12/2013;14;7;9;2;6;22;21;24;17;1;15;12;25;5;18
990;04/12/2013;7;8;13;19;20;6;24;22;10;11;12;16;15;5;1
989;02/12/2013;13;15;4;22;10;9;8;19;14;3;24;17;18;6;23
988;29/11/2013;15;3;20;9;13;7;17;11;1;24;25;5;12;16;19
987;27/11/2013;22;15;2;20;4;12;9;19;7;13;6;5;18;11;23
986;25/11/2013;2;14;7;13;1;11;22;21;23;20;15;5;16;24;18
985;22/11/2013;3;21;9;13;24;6;4;17;12;7;22;14;18;23;25
984;20/11/2013;25;15;13;4;2;9;24;12;23;10;22;8;11;20;21
983;18/11/2013;14;8;15;2;10;7;4;18;19;25;5;21;16;11;6
982;16/11/2013;14;5;23;3;4;21;9;7;1;13;17;18;6;24;20
981;13/11/2013;22;24;16;6;9;2;4;18;19;1;25;8;3;12;21
980;11/11/2013;12;22;9;24;20;11;7;10;21;2;6;8;17;13;1
979;08/11/2013;6;16;9;19;25;23;22;2;21;24;5;10;7;8;14
978;06/11/2013;13;18;4;11;15;3;16;7;14;5;9;25;12;8;6
977;04/11/2013;22;1;2;14;11;17;10;7;23;18;13;20;24;8;6
976;01/11/2013;19;13;25;14;6;2;10;1;23;21;24;7;3;11;4
975;30/10/2013;11;12;6;10;16;19;2;20;4;1;17;24;14;13;7
974;28/10/2013;1;21;12;22;6;4;14;10;9;7;19;8;17;15;24
973;25/10/2013;22;14;6;3;1;24;5;11;8;25;2;20;15;21;18
972;23/10/2013;22;1;13;15;8;23;25;20;21;11;3;6;16;14;24
971;21/10/2013;22;24;4;9;7;10;5;20;11;6;18;21;3;23;25
970;18/10/2013;15;18;6;9;1;17;8;12;19;20;3;21;10;23;24
969;16/10/2013;16;17;20;18;5;1;4;12;24;3;10;22;19;11;9
968;14/10/2013;11;7;9;20;19;5;3;4;2;18;14;16;21;13;25
967;11/10/2013;17;4;25;16;22;11;23;21;2;10;20;8;6;9;3
966;09/10/2013;4;11;6;21;7;5;12;3;10;17;2;8;25;19;22
965;07/10/2013;13;18;14;24;19;15;10;22;21;8;16;3;4;11;9
964;04/10/2013;2;23;4;9;15;1;20;3;10;19;11;7;18;17;21
963;02/10/2013;11;23;15;14;7;3;19;18;9;16;17;6;4;10;24
962;30/09/2013;15;1;6;25;14;13;23;21;22;4;17;20;8;9;11
961;27/09/2013;1;4;18;20;7;12;22;2;11;15;25;21;5;9;3
960;25/09/2013;16;14;1;6;7;2;24;17;10;4;20;21;12;18;3
959;23/09/2013;9;19;25;5;12;24;16;20;11;2;22;21;14;23;6
958;20/09/2013;19;14;24;4;6;20;5;1;9;17;21;16;12;13;22
957;18/09/2013;24;15;22;5;8;6;1;23;16;25;13;21;4;7;3
956;16/09/2013;5;6;16;13;2;12;17;22;8;4;21;11;18;3;19
955;13/09/2013;4;5;16;7;24;11;1;12;21;14;2;9;13;18;10
954;11/09/2013;11;14;25;23;6;20;13;8;24;3;16;18;12;10;5
953;09/09/2013;1;9;13;12;21;16;10;7;24;15;14;18;5;2;6
952;07/09/2013;12;3;18;17;6;4;8;11;14;23;19;21;25;22;1
951;30/08/2013;21;7;25;19;10;17;14;9;15;3;22;8;13;20;23
950;28/08/2013;25;12;20;5;21;17;9;8;4;14;13;2;18;7;19
949;26/08/2013;10;17;11;23;8;15;12;6;13;9;14;7;1;21;16
948;23/08/2013;18;2;5;16;21;6;11;9;13;1;19;24;22;8;17
947;21/08/2013;3;9;7;16;22;18;10;1;11;12;5;24;15;2;20
946;19/08/2013;1;22;10;24;14;20;21;16;7;19;25;18;9;8;17
945;16/08/2013;13;4;21;2;9;20;3;19;24;6;18;23;11;25;5
944;14/08/2013;16;9;21;8;10;12;11;24;19;1;14;13;25;17;18
943;12/08/2013;5;18;14;13;12;10;23;3;6;9;15;21;17;4;22
942;09/08/2013;13;18;5;1;21;6;4;24;11;22;12;3;7;19;20
941;07/08/2013;11;25;16;3;15;18;4;5;2;9;10;7;1;8;23
940;05/08/2013;25;14;18;24;4;17;3;2;9;20;19;16;13;7;6
939;02/08/2013;11;21;25;1;7;5;20;9;10;18;16;6;4;19;15
938;31/07/2013;19;6;7;17;20;15;11;25;13;16;18;3;4;10;2
937;29/07/2013;23;2;20;14;25;19;6;9;1;11;13;24;10;16;12
936;26/07/2013;7;4;1;8;18;25;2;15;3;13;6;17;20;19;23
935;24/07/2013;7;22;19;18;3;4;1;2;10;14;23;5;6;12;9
934;22/07/2013;22;24;21;8;20;3;23;4;14;25;11;9;2;10;19
933;19/07/2013;14;17;19;15;7;5;11;24;23;2;16;4;10;6;3
932;17/07/2013;16;18;4;8;12;13;20;14;1;25;21;5;23;15;22
931;15/07/2013;20;19;16;5;8;3;25;14;12;10;22;11;2;6;24
930;12/07/2013;9;20;24;2;11;14;15;16;5;25;6;12;22;23;3
929;10/07/2013;23;2;18;25;14;1;21;11;9;8;20;7;4;5;10
928;08/07/2013;11;14;1;9;19;4;12;24;6;8;10;25;17;15;23
927;05/07/2013;23;22;2;5;9;6;3;14;13;21;16;17;11;20;25
926;03/07/2013;14;1;11;19;15;5;13;24;9;12;7;6;10;8;21
925;01/07/2013;12;3;16;23;7;25;22;1;4;6;24;14;13;9;15
924;28/06/2013;16;8;17;2;20;7;6;12;18;1;10;19;14;24;9
923;26/06/2013;14;15;1;7;4;19;22;12;5;6;10;20;24;25;3
922;24/06/2013;23;2;17;21;8;12;4;9;5;20;6;22;16;24;15
921;21/06/2013;18;4;3;16;17;15;2;25;24;21;9;7;12;1;19
920;19/06/2013;19;2;5;4;1;3;23;10;6;16;20;15;13;12;22
919;17/06/2013;5;13;4;21;14;11;3;1;22;7;17;9;19;2;10
918;14/06/2013;1;23;8;9;4;22;21;3;2;13;6;16;17;14;15
917;12/06/2013;3;21;1;5;4;14;11;20;19;6;13;22;24;2;17
916;10/06/2013;6;24;17;5;19;4;13;18;3;23;7;1;2;14;11
915;07/06/2013;11;20;24;2;10;4;13;5;23;25;8;22;18;1;6
914;05/06/2013;5;4;22;12;24;3;1;11;23;18;17;15;6;10;20
913;03/06/2013;25;22;20;10;19;24;13;5;18;12;6;17;4;15;3
912;31/05/2013;17;14;20;23;15;22;16;4;18;7;21;2;10;3;19
911;29/05/2013;24;2;17;5;11;21;6;22;25;15;23;3;8;1;13
910;27/05/2013;5;11;17;8;6;24;25;20;16;18;3;19;4;13;9
909;24/05/2013;1;8;6;18;3;12;20;13;21;11;7;10;2;22;5
908;22/05/2013;1;15;4;10;12;23;17;13;25;2;18;6;24;9;7
907;20/05/2013;14;4;8;23;5;3;21;13;2;7;20;16;15;22;10
906;17/05/2013;5;3;7;10;8;12;22;6;24;1;17;21;18;2;9
905;15/05/2013;6;14;20;16;4;11;12;21;1;22;8;23;17;10;13
904;13/05/2013;10;17;16;18;20;22;13;24;7;19;6;9;1;12;5
903;10/05/2013;6;20;5;16;8;18;10;2;15;11;13;3;4;1;22
902;08/05/2013;24;2;11;4;8;17;5;25;9;1;6;3;20;21;23
901;06/05/2013;22;1;7;6;24;10;16;23;4;13;18;12;14;25;2
900;03/05/2013;2;11;7;20;6;25;15;1;13;8;22;10;24;18;12
899;29/04/2013;21;9;20;25;4;10;23;7;15;16;1;14;17;18;12
898;26/04/2013;14;1;24;20;10;11;4;18;12;8;9;21;6;13;25
897;24/04/2013;23;21;9;16;1;11;8;13;10;2;17;14;7;5;18
896;22/04/2013;8;13;15;1;2;7;12;20;18;4;17;19;3;6;23
895;19/04/2013;25;13;18;17;21;2;5;16;8;12;6;11;3;19;4
894;17/04/2013;21;2;18;15;22;6;9;13;12;19;24;25;14;5;1
893;15/04/2013;8;23;22;6;3;2;5;24;16;9;11;4;1;15;20
892;12/04/2013;6;24;13;3;14;2;19;10;16;20;17;21;22;1;5
891;10/04/2013;5;24;17;23;8;16;19;15;7;25;14;12;6;1;21
890;08/04/2013;3;7;1;11;23;6;17;19;24;4;2;18;8;5;16
889;05/04/2013;5;7;19;2;6;25;12;9;4;21;13;22;16;11;18
888;03/04/2013;13;20;12;22;6;11;1;18;17;19;14;24;16;3;21
887;01/04/2013;15;10;8;6;1;21;25;19;11;12;24;18;17;23;20
886;30/03/2013;15;21;12;13;1;8;23;16;20;4;3;10;11;17;7
885;27/03/2013;7;19;23;17;8;16;2;18;9;11;22;24;12;5;15
884;25/03/2013;17;10;12;21;25;19;9;8;13;4;15;7;18;20;1
883;22/03/2013;22;21;6;12;8;18;3;17;25;19;10;5;7;16;9
882;20/03/2013;10;2;12;19;7;17;22;25;14;13;18;24;11;8;1
881;18/03/2013;21;4;8;1;7;3;20;23;16;19;6;15;5;22;9
880;15/03/2013;8;14;2;5;19;22;25;6;18;10;21;24;7;16;23
879;13/03/2013;9;2;25;13;4;18;22;3;15;12;16;24;7;10;21
878;11/03/2013;22;19;7;25;6;2;23;3;13;10;14;1;5;16;12
877;08/03/2013;23;10;16;11;19;3;15;14;25;18;21;7;8;9;13
876;06/03/2013;6;14;9;21;20;16;18;13;7;5;24;25;3;12;23
875;04/03/2013;4;9;21;24;12;15;13;22;6;23;25;10;2;8;18
874;01/03/2013;16;23;8;1;7;20;4;10;5;21;19;2;25;9;6
873;27/02/2013;7;6;11;9;15;14;17;25;13;12;8;18;3;2;22
872;25/02/2013;7;2;5;22;12;1;23;18;4;17;6;13;10;14;9
871;22/02/2013;4;23;9;13;17;6;8;24;14;10;22;19;2;15;12
870;20/02/2013;7;13;18;12;14;17;1;8;23;10;5;6;4;16;2
869;18/02/2013;9;25;22;1;24;12;14;10;20;3;11;23;6;18;21
868;15/02/2013;8;3;21;12;16;10;19;9;14;1;22;24;2;17;13
867;13/02/2013;7;6;8;3;13;21;14;10;25;2;15;22;12;5;4
866;08/02/2013;24;14;5;10;23;20;9;13;2;11;18;7;1;3;8
865;06/02/2013;10;22;1;13;5;19;21;7;25;4;6;3;23;20;18
864;04/02/2013;15;3;18;17;23;13;10;19;8;16;22;12;6;24;21
863;01/02/2013;1;19;3;18;24;4;23;16;15;22;8;17;7;13;25
862;30/01/2013;20;3;14;19;23;1;4;13;17;15;18;2;10;24;5
861;28/01/2013;19;2;4;17;11;23;6;14;1;10;15;7;22;3;9
860;25/01/2013;19;25;7;16;14;3;6;15;4;24;10;13;22;5;9
859;23/01/2013;4;2;10;5;19;13;18;17;14;9;6;11;20;1;3
858;21/01/2013;4;22;23;20;5;3;9;11;12;25;6;19;1;17;8
857;18/01/2013;13;15;18;20;8;3;14;11;21;1;4;16;6;24;19
856;16/01/2013;13;22;3;7;9;12;20;2;25;8;23;19;15;11;16
855;14/01/2013;8;1;9;14;18;17;23;3;13;4;10;11;25;24;15
854;11/01/2013;14;10;18;17;15;1;13;8;21;5;3;2;9;22;20
853;09/01/2013;21;6;19;12;20;23;18;2;11;5;3;17;9;8;22
852;07/01/2013;25;4;21;5;23;1;11;20;2;12;16;18;24;3;8
851;04/01/2013;20;4;1;5;10;22;17;18;24;6;14;15;13;7;19
850;02/01/2013;23;20;2;14;18;13;3;7;24;10;19;21;8;5;22
849;31/12/2012;14;4;25;5;17;12;23;10;20;15;24;16;1;18;13
848;28/12/2012;2;25;24;9;23;18;21;5;19;16;3;13;14;8;17
847;26/12/2012;17;11;21;7;9;18;14;13;20;1;6;25;10;3;5
846;24/12/2012;9;10;24;20;15;23;14;1;21;11;6;4;19;13;25
845;21/12/2012;12;7;2;4;25;23;21;18;11;22;19;16;14;24;6
844;19/12/2012;25;24;8;17;22;12;19;1;3;15;10;16;5;9;7
843;17/12/2012;16;20;7;24;15;22;19;21;12;13;3;4;17;11;8
842;14/12/2012;10;3;15;13;20;19;5;18;14;4;7;22;11;21;24
841;12/12/2012;21;24;13;5;10;14;3;12;17;20;6;16;1;8;15
840;10/12/2012;13;21;20;4;19;6;18;17;25;9;11;22;2;23;12
839;07/12/2012;21;19;6;3;22;7;16;17;25;24;13;2;8;14;4
838;05/12/2012;9;15;18;10;23;20;14;21;16;4;2;24;5;11;7
837;03/12/2012;16;10;15;22;13;12;7;3;11;8;1;18;24;14;20
836;30/11/2012;9;18;12;15;4;10;14;21;20;16;25;8;7;22;2
835;28/11/2012;2;15;19;18;14;25;8;4;17;6;12;21;16;1;24
834;26/11/2012;10;14;23;19;22;4;2;18;7;21;9;16;8;11;20
833;23/11/2012;11;16;12;2;5;17;6;25;22;19;10;7;20;18;13
832;21/11/2012;19;15;6;12;24;10;2;16;8;22;7;25;11;5;23
831;19/11/2012;18;2;1;14;22;11;17;5;9;10;3;12;20;21;16
830;16/11/2012;10;11;1;19;14;23;21;9;6;16;4;12;24;17;13
829;14/11/2012;8;22;5;14;16;9;23;11;7;2;13;25;24;18;17
828;12/11/2012;19;9;15;8;23;17;25;14;6;7;20;12;24;22;1
827;09/11/2012;4;1;10;17;5;16;12;2;9;22;7;14;21;24;13
826;07/11/2012;16;5;20;19;3;23;24;6;14;18;13;12;21;15;17
825;05/11/2012;14;22;13;25;23;7;1;15;9;11;17;8;6;10;19
824;03/11/2012;22;4;3;7;19;21;24;14;20;11;15;25;13;2;12
823;31/10/2012;2;5;12;16;20;24;22;9;25;11;13;19;4;1;14
822;29/10/2012;3;15;22;11;24;2;14;18;12;5;19;17;21;16;23
821;26/10/2012;25;17;24;7;10;11;3;9;12;21;5;16;23;14;4
820;24/10/2012;3;8;22;9;2;1;7;24;6;16;5;13;23;15;10
819;22/10/2012;12;22;8;6;18;5;3;21;20;19;4;7;9;11;10
818;19/10/2012;8;24;22;11;5;14;16;23;10;19;25;6;4;20;13
817;17/10/2012;10;23;8;4;25;12;17;24;11;20;18;2;3;5;1
816;15/10/2012;13;17;5;25;19;12;8;15;2;3;23;10;16;9;11
815;13/10/2012;10;20;14;25;8;11;18;7;17;15;22;6;21;23;24
814;10/10/2012;11;12;4;8;17;21;10;24;13;20;19;3;14;22;23
813;08/10/2012;3;8;23;1;16;21;10;12;7;5;19;4;24;25;6
812;05/10/2012;18;1;5;14;20;8;17;24;3;19;11;21;23;7;25
811;03/10/2012;4;2;17;20;12;3;7;14;19;10;1;5;22;9;6
810;01/10/2012;6;3;23;15;22;1;24;16;18;12;17;7;21;9;11
809;28/09/2012;5;2;21;18;1;25;13;16;24;7;9;23;22;19;4
808;26/09/2012;18;6;17;10;16;24;12;22;4;11;21;14;7;20;25
807;24/09/2012;19;7;22;25;8;24;11;13;10;21;18;5;4;3;2
806;21/09/2012;14;25;10;5;3;15;1;20;2;16;24;19;8;7;6
805;19/09/2012;17;6;11;25;1;16;24;13;14;20;2;4;9;22;7
804;17/09/2012;1;13;7;23;24;6;3;20;18;17;5;4;21;8;15
803;14/09/2012;16;25;20;1;17;24;18;14;5;4;19;23;15;12;21
802;12/09/2012;22;4;9;13;21;14;5;3;10;12;18;8;20;1;25
801;10/09/2012;25;3;17;1;6;23;21;10;12;7;19;4;18;15;5
800;06/09/2012;16;13;10;22;12;7;9;6;8;11;4;24;3;21;20
799;31/08/2012;22;3;11;15;14;21;23;24;16;6;19;25;8;13;4
798;29/08/2012;16;18;13;24;19;23;22;10;6;8;1;5;11;3;15
797;27/08/2012;8;7;24;19;2;20;21;11;17;18;3;15;5;25;6
796;24/08/2012;18;24;11;14;6;21;8;4;10;20;2;16;7;17;3
795;22/08/2012;9;10;1;3;7;12;8;24;21;14;4;6;2;16;22
794;20/08/2012;2;15;14;9;3;23;5;24;4;8;20;1;25;6;11
793;17/08/2012;17;5;20;16;14;23;11;21;2;12;9;4;25;7;18
792;15/08/2012;20;12;25;14;8;19;21;9;2;3;1;23;6;10;18
791;13/08/2012;11;8;1;7;2;23;14;22;3;10;21;25;6;13;5
790;10/08/2012;8;3;7;12;16;10;19;23;18;20;22;13;25;24;6
789;08/08/2012;18;12;15;3;22;14;8;19;11;2;24;10;21;4;16
788;06/08/2012;3;12;4;11;24;9;1;22;16;21;25;19;23;8;10
787;03/08/2012;8;4;10;12;16;1;5;14;9;20;17;19;13;11;23
786;01/08/2012;21;15;23;24;5;11;8;25;6;10;17;2;4;13;12
785;30/07/2012;12;11;13;1;17;10;23;15;6;7;4;19;16;21;2
784;27/07/2012;1;12;2;20;23;13;15;4;21;11;3;7;22;18;25
783;25/07/2012;20;16;1;8;19;7;2;5;6;13;24;15;22;11;21
782;23/07/2012;18;13;5;14;20;12;10;17;21;15;19;16;11;9;8
781;20/07/2012;11;1;2;22;10;25;9;15;4;19;16;8;14;20;17
780;18/07/2012;21;20;15;8;13;17;16;3;19;24;6;7;18;25;10
779;16/07/2012;16;20;19;21;14;23;5;13;8;9;22;12;4;17;11
778;13/07/2012;11;15;20;10;6;9;7;19;24;2;13;25;16;5;22
777;11/07/2012;21;15;9;25;2;11;14;12;24;3;6;13;20;23;16
776;09/07/2012;10;24;22;14;2;18;13;4;23;12;1;11;20;3;19
775;06/07/2012;6;17;12;2;18;10;20;3;16;13;19;8;7;14;9
774;04/07/2012;19;11;14;6;1;15;18;12;3;8;22;9;4;5;25
773;02/07/2012;6;18;20;15;8;17;7;10;2;25;22;11;13;24;5
772;29/06/2012;16;2;12;20;7;6;9;25;15;8;11;24;10;4;23
771;27/06/2012;20;7;22;25;2;4;6;9;5;23;8;14;17;10;16
770;25/06/2012;17;12;4;24;1;3;18;6;25;11;22;16;5;9;21
769;22/06/2012;5;11;4;23;22;16;15;25;7;13;17;10;3;19;20
768;20/06/2012;11;3;23;19;25;15;6;12;17;20;14;24;5;1;13
767;18/06/2012;1;11;15;12;5;8;22;24;17;19;23;4;3;7;10
766;15/06/2012;24;25;12;9;21;15;7;5;16;3;6;14;13;1;18
765;13/06/2012;14;23;13;25;12;1;2;18;3;9;20;10;7;24;8
764;11/06/2012;25;4;1;8;23;17;19;3;24;9;11;14;6;16;12
763;08/06/2012;18;16;21;1;14;25;13;3;6;7;24;4;2;17;22
762;06/06/2012;7;11;21;13;22;2;1;10;17;3;9;12;5;6;14
761;04/06/2012;15;11;4;6;1;19;16;13;20;14;12;24;5;10;22
760;01/06/2012;11;24;2;15;9;25;3;12;13;10;7;1;23;16;17
759;30/05/2012;20;23;8;16;25;7;5;17;15;18;24;19;2;9;10
758;28/05/2012;15;18;24;4;5;6;17;16;11;2;20;12;1;25;23
757;25/05/2012;4;10;11;1;21;20;9;14;17;18;3;23;8;13;15
756;23/05/2012;15;17;3;20;14;13;8;25;5;6;10;16;22;7;23
755;21/05/2012;14;24;3;5;25;11;17;2;7;8;13;1;10;16;12
754;18/05/2012;1;19;5;16;4;20;15;18;24;7;23;22;17;13;25
753;16/05/2012;7;3;11;1;22;8;5;13;21;14;6;4;17;25;20
752;14/05/2012;13;6;24;21;19;14;16;8;12;1;25;4;18;7;5
751;11/05/2012;14;17;20;23;13;12;6;3;9;16;22;5;8;19;21
750;09/05/2012;9;3;2;20;25;4;13;7;10;19;5;21;11;15;24
749;07/05/2012;24;2;7;8;18;11;6;22;14;13;1;4;19;15;3
748;04/05/2012;4;18;23;17;9;15;5;6;10;12;21;20;8;3;1
747;02/05/2012;24;4;10;23;12;15;7;20;2;13;6;16;17;1;3
746;30/04/2012;16;18;9;8;25;17;10;24;2;20;21;19;4;3;5
745;27/04/2012;7;1;17;12;16;24;8;9;3;6;11;20;22;25;13
744;25/04/2012;9;3;4;12;10;13;6;16;11;1;19;23;7;15;24
743;23/04/2012;12;11;3;10;2;24;14;17;1;15;21;6;9;22;23
742;20/04/2012;23;20;1;7;6;5;14;21;8;11;3;15;13;9;19
741;18/04/2012;18;3;14;12;24;5;21;11;2;7;17;13;10;25;16
740;16/04/2012;10;21;11;13;24;9;5;22;4;1;19;12;25;14;23
739;13/04/2012;11;25;14;2;22;20;8;9;10;17;3;21;4;23;24
738;11/04/2012;25;23;13;6;14;11;16;18;9;7;2;24;19;20;12
737;09/04/2012;3;7;18;4;16;25;5;10;22;2;12;6;17;14;8
736;07/04/2012;4;10;2;17;13;15;21;9;3;23;8;16;6;19;5
735;04/04/2012;8;20;22;5;11;24;13;21;19;14;12;25;17;10;6
734;02/04/2012;24;15;2;3;19;20;23;8;9;21;13;17;6;18;10
733;30/03/2012;8;18;11;14;4;22;1;16;24;20;7;5;12;6;19
732;28/03/2012;25;14;1;11;13;24;20;8;23;9;10;4;22;17;21
731;26/03/2012;4;7;18;8;6;21;24;14;22;17;3;12;15;19;11
730;23/03/2012;22;24;21;19;4;1;20;12;18;16;8;11;3;14;25
729;21/03/2012;10;2;14;12;9;22;6;3;25;15;23;17;1;7;4
728;19/03/2012;13;23;11;7;25;16;6;20;10;19;8;22;21;3;4
727;16/03/2012;25;8;23;3;24;16;11;20;6;21;9;18;22;7;4
726;14/03/2012;10;16;20;25;21;7;13;11;24;2;15;4;9;1;14
725;12/03/2012;5;17;13;1;21;16;15;24;7;6;18;10;9;25;12
724;09/03/2012;7;6;20;12;23;14;18;10;19;1;25;3;24;15;5
723;07/03/2012;3;14;9;8;20;11;4;5;7;15;24;2;12;10;18
722;05/03/2012;7;1;23;19;6;8;5;20;3;14;10;17;24;13;16
721;02/03/2012;5;21;15;14;3;9;12;7;19;10;11;8;4;2;1
720;01/03/2012;4;9;17;16;12;24;7;23;13;18;10;20;11;25;21
719;27/02/2012;18;11;22;24;10;2;15;16;9;23;13;25;8;7;19
718;24/02/2012;22;19;3;14;4;24;9;13;21;11;23;25;7;15;17
717;22/02/2012;5;9;18;21;23;2;1;14;11;8;7;20;16;3;25
716;17/02/2012;21;23;11;18;7;3;12;16;8;20;14;15;25;1;5
715;15/02/2012;8;15;24;5;20;18;3;25;13;11;22;1;23;10;14
714;13/02/2012;13;17;7;19;6;10;21;12;15;14;4;11;8;9;22
713;10/02/2012;23;11;22;6;2;13;15;21;25;5;14;3;19;4;24
712;08/02/2012;9;4;20;18;17;16;8;15;22;21;23;12;1;25;14
711;06/02/2012;2;12;18;21;6;4;1;24;10;22;16;5;15;7;13
710;02/02/2012;19;3;17;14;20;25;21;6;4;18;15;12;24;2;22
709;30/01/2012;6;8;20;12;11;7;14;18;3;1;22;15;16;19;23
708;26/01/2012;1;19;14;6;2;16;21;3;24;5;11;25;4;9;22
707;23/01/2012;25;8;11;20;16;7;3;24;17;12;21;15;14;4;6
706;19/01/2012;22;18;21;16;8;1;25;12;19;24;3;13;6;2;4
705;16/01/2012;15;21;22;20;12;9;6;14;11;25;7;8;16;3;4
704;12/01/2012;15;17;8;16;11;24;14;22;5;23;2;13;6;3;10
703;09/01/2012;8;24;15;23;2;18;11;21;25;20;17;14;22;5;10
702;05/01/2012;4;14;25;8;23;5;13;3;1;10;2;7;20;6;9
701;02/01/2012;17;4;20;21;16;10;19;13;12;3;22;23;25;14;8
700;29/12/2011;10;21;25;1;22;18;13;2;16;6;7;14;8;19;9
699;26/12/2011;22;18;3;8;4;21;19;6;2;25;23;10;9;16;15
698;22/12/2011;4;6;12;22;7;21;20;9;15;3;14;24;10;18;2
697;19/12/2011;3;7;24;19;8;1;11;23;22;14;16;15;2;25;18
696;15/12/2011;5;20;15;4;9;7;22;13;24;16;11;21;1;10;14
695;12/12/2011;24;22;13;3;5;21;17;18;19;20;4;11;2;25;14
694;08/12/2011;3;16;15;11;10;6;21;8;14;1;9;24;19;18;20
693;05/12/2011;6;14;17;7;1;4;2;11;9;22;19;3;10;16;21
692;01/12/2011;4;22;17;12;10;11;24;23;18;2;6;19;1;7;21
691;28/11/2011;22;1;20;6;7;17;9;8;23;3;18;11;19;13;2
690;24/11/2011;3;15;24;12;20;1;10;14;25;13;9;2;18;19;11
689;21/11/2011;11;23;13;8;17;7;4;24;2;3;12;5;15;22;6
688;17/11/2011;21;23;7;1;4;14;3;19;2;24;9;12;22;16;11
687;14/11/2011;18;19;13;20;23;1;6;3;24;15;12;25;4;2;9
686;10/11/2011;20;1;6;12;3;24;16;4;13;19;7;10;22;25;23
685;07/11/2011;20;22;1;25;15;4;12;23;3;21;9;19;13;17;24
684;03/11/2011;4;8;22;25;1;13;24;20;14;21;11;12;5;10;16
683;31/10/2011;8;15;6;12;9;5;1;4;13;23;10;24;2;7;11
682;27/10/2011;4;18;22;24;19;25;14;2;1;17;5;11;8;7;6
681;24/10/2011;4;18;6;14;15;16;23;11;19;2;8;7;3;10;12
680;20/10/2011;3;6;8;9;19;13;21;4;18;12;20;7;22;16;14
679;17/10/2011;22;11;10;17;15;14;20;2;21;13;19;8;12;7;18
678;13/10/2011;23;2;19;18;3;15;20;12;9;5;21;7;10;25;24
677;10/10/2011;16;12;2;19;25;10;6;1;13;7;5;8;15;23;11
676;06/10/2011;25;15;19;24;6;12;21;16;5;8;13;4;10;2;20
675;03/10/2011;13;7;5;2;11;22;23;15;4;17;24;14;3;10;16
674;29/09/2011;10;3;14;11;23;2;16;22;20;24;18;19;25;15;8
673;26/09/2011;2;17;4;15;10;13;11;9;12;14;20;8;5;19;7
672;22/09/2011;11;21;24;19;4;10;15;1;9;2;6;17;23;12;25
671;19/09/2011;10;9;18;20;8;13;5;19;12;11;7;4;14;22;24
670;15/09/2011;1;18;21;20;14;7;25;10;22;15;8;12;23;17;13
669;13/09/2011;15;16;25;19;2;23;4;5;22;6;18;17;12;13;24
668;08/09/2011;11;25;15;1;13;9;20;24;23;10;17;7;12;16;2
667;05/09/2011;13;15;10;4;17;25;8;6;24;3;20;19;21;18;5
666;01/09/2011;12;24;11;6;7;14;4;16;1;25;2;18;15;20;21
665;29/08/2011;21;3;13;2;17;7;15;22;24;14;20;6;18;12;25
664;25/08/2011;18;15;1;23;24;20;7;21;13;3;10;16;4;17;14
663;22/08/2011;13;4;21;19;2;6;24;17;9;16;22;5;23;11;7
662;18/08/2011;7;14;13;2;8;15;1;9;6;3;19;16;22;11;20
661;15/08/2011;1;7;20;22;3;15;24;6;23;17;10;19;18;11;12
660;11/08/2011;17;5;15;16;4;9;3;7;6;12;19;24;14;8;25
659;08/08/2011;23;3;8;12;10;24;6;9;20;1;15;11;4;5;19
658;04/08/2011;6;4;17;7;23;24;14;25;9;21;11;15;1;5;10
657;01/08/2011;13;25;19;17;8;23;5;15;2;10;4;6;24;12;3
656;28/07/2011;3;18;8;14;15;5;22;9;20;7;25;11;23;2;13
655;25/07/2011;20;13;21;19;11;25;5;14;8;2;15;7;24;10;23
654;21/07/2011;25;20;12;13;16;3;7;19;22;17;14;1;2;18;23
653;18/07/2011;16;3;20;1;19;17;22;13;12;23;14;21;7;8;2
652;14/07/2011;17;7;2;21;20;13;19;5;9;16;11;14;10;23;18
651;11/07/2011;13;5;15;10;14;25;18;6;4;20;1;24;8;17;19
650;07/07/2011;16;19;24;1;25;14;13;23;8;3;20;10;21;17;7
649;04/07/2011;1;14;2;11;17;24;9;8;6;21;15;4;5;10;22
648;30/06/2011;20;8;9;22;13;19;2;21;6;10;15;16;4;11;18
647;27/06/2011;19;9;14;20;22;18;6;23;4;8;11;7;17;13;25
646;24/06/2011;1;17;23;6;25;15;5;3;9;21;18;19;14;10;20
645;20/06/2011;25;19;23;21;4;11;16;20;9;22;10;8;13;18;5
644;16/06/2011;12;9;6;21;7;5;18;24;8;13;15;14;3;2;22
643;13/06/2011;24;10;19;8;16;13;2;9;17;7;21;22;4;23;1
642;09/06/2011;18;13;8;10;12;25;2;5;21;20;1;4;11;19;22
641;06/06/2011;11;2;18;19;24;16;9;21;22;6;13;3;7;8;20
640;02/06/2011;1;16;9;21;14;3;18;4;22;5;23;20;11;19;13
639;30/05/2011;21;22;12;4;10;8;6;19;2;16;9;20;1;5;24
638;26/05/2011;2;3;18;4;21;24;14;13;19;9;11;1;16;23;25
637;23/05/2011;18;2;9;7;25;19;22;13;6;4;20;23;16;17;21
636;19/05/2011;3;1;4;13;6;21;19;20;25;12;10;16;23;14;2
635;16/05/2011;1;4;11;19;5;8;18;9;24;7;13;6;20;22;12
634;12/05/2011;21;9;15;20;5;22;3;19;12;4;10;18;2;11;14
633;09/05/2011;22;2;8;7;12;23;20;24;6;3;25;9;21;10;18
632;05/05/2011;24;10;13;6;16;25;11;21;8;22;17;14;1;20;4
631;02/05/2011;16;2;10;17;9;3;13;18;14;20;7;21;19;8;5
630;28/04/2011;6;22;20;13;2;17;18;7;24;12;1;14;25;4;23
629;25/04/2011;7;21;12;17;25;1;2;14;9;19;6;5;15;22;4
628;20/04/2011;19;10;13;7;8;18;2;25;9;4;22;15;3;11;23
627;18/04/2011;23;25;6;10;2;17;1;14;15;3;21;4;22;12;24
626;14/04/2011;9;2;11;7;24;8;19;5;17;13;1;3;23;21;4
625;11/04/2011;3;14;23;16;24;13;6;15;11;2;10;8;17;22;1
624;07/04/2011;24;18;5;7;4;21;2;20;12;11;17;1;9;6;16
623;04/04/2011;2;11;5;15;8;3;20;10;1;4;9;23;25;12;22
622;31/03/2011;3;13;17;5;7;11;10;15;6;9;2;4;21;18;12
621;28/03/2011;3;2;9;25;16;22;5;10;24;8;12;20;15;6;1
620;24/03/2011;10;16;18;21;14;7;6;12;20;1;5;11;15;22;19
619;21/03/2011;19;21;8;17;14;3;1;7;18;9;13;20;25;4;23
618;17/03/2011;2;22;4;12;9;1;20;7;19;6;5;21;24;17;13
617;14/03/2011;14;3;19;22;24;21;4;2;15;5;25;10;16;7;1
616;10/03/2011;9;6;16;15;1;22;2;25;21;18;10;17;24;12;19
615;05/03/2011;19;7;11;17;1;8;2;23;4;20;24;22;25;21;12
614;03/03/2011;16;1;18;6;22;5;12;9;7;11;20;19;17;23;13
613;28/02/2011;2;10;5;13;7;22;6;25;20;23;16;12;11;14;17
612;24/02/2011;9;23;2;15;3;10;25;7;18;1;19;6;17;13;16
611;21/02/2011;13;6;18;4;16;8;2;3;14;9;23;5;21;19;20
610;17/02/2011;10;22;2;16;13;1;25;21;14;7;15;4;6;8;12
609;14/02/2011;23;14;19;4;11;1;7;16;20;12;9;2;25;15;10
608;10/02/2011;19;13;10;18;25;23;1;14;8;3;16;7;5;2;17
607;07/02/2011;20;19;16;17;25;9;22;24;12;21;15;3;18;5;7
606;03/02/2011;3;25;14;16;6;2;18;8;22;12;24;10;7;23;15
605;31/01/2011;5;21;25;2;18;4;14;23;7;11;3;13;16;17;10
604;27/01/2011;15;1;7;25;9;12;13;18;14;2;24;22;6;19;20
603;24/01/2011;8;6;23;13;22;12;19;20;2;15;4;21;16;5;10
602;20/01/2011;9;18;25;12;5;7;10;1;8;6;11;2;23;22;13
601;17/01/2011;12;9;13;10;25;16;14;3;20;1;7;19;11;5;6
600;13/01/2011;9;11;25;17;16;18;10;19;5;6;8;22;1;23;3
599;10/01/2011;12;5;24;16;9;20;2;23;21;13;6;18;7;22;4
598;06/01/2011;5;14;3;19;1;7;12;18;22;25;11;21;15;4;20
597;03/01/2011;5;1;14;16;8;3;17;10;25;2;18;9;11;22;24
596;30/12/2010;11;19;8;10;25;22;20;12;17;7;23;9;3;18;2
595;27/12/2010;6;8;7;21;17;19;25;10;24;15;12;11;5;1;9
594;23/12/2010;11;2;23;18;25;20;7;14;13;16;9;6;15;3;10
593;20/12/2010;23;24;15;14;6;10;11;25;13;3;4;5;1;9;20
592;16/12/2010;19;16;18;22;20;5;8;17;1;9;3;14;15;6;10
591;13/12/2010;20;7;2;16;14;11;8;21;17;19;1;10;23;4;15
590;09/12/2010;9;20;15;6;16;19;11;3;1;13;10;21;4;18;14
589;06/12/2010;4;25;21;23;13;6;12;9;10;3;2;24;8;22;20
588;02/12/2010;25;17;4;14;5;11;18;19;23;12;24;1;7;13;20
587;29/11/2010;1;5;13;21;20;19;7;18;23;11;17;10;9;4;12
586;25/11/2010;25;7;12;4;24;18;11;17;6;3;19;22;8;16;2
585;22/11/2010;1;8;13;17;14;15;20;16;18;24;9;23;7;5;10
584;18/11/2010;7;21;23;14;6;10;2;5;11;19;22;20;8;3;15
583;16/11/2010;11;4;7;17;14;19;18;1;9;23;3;16;21;24;8
582;11/11/2010;12;8;18;17;25;23;3;10;7;19;21;9;15;13;11
581;08/11/2010;11;19;4;9;18;23;13;21;2;25;14;6;12;17;15
580;04/11/2010;6;21;13;12;8;7;16;10;9;25;1;4;17;14;24
579;01/11/2010;6;7;14;24;17;20;19;13;10;1;8;21;3;5;12
578;28/10/2010;10;8;21;19;22;6;16;4;23;7;15;12;1;14;13
577;25/10/2010;8;16;15;4;3;2;22;10;19;1;23;5;21;18;12
576;21/10/2010;15;21;25;6;12;10;8;13;18;16;19;17;9;23;11
575;18/10/2010;15;21;3;16;13;5;8;24;9;22;19;12;17;10;18
574;14/10/2010;6;19;20;16;18;25;14;12;22;1;21;11;13;23;5
573;11/10/2010;11;24;22;2;20;10;14;1;7;3;12;23;18;25;16
572;07/10/2010;21;5;15;13;16;9;22;10;19;14;6;17;8;2;24
571;04/10/2010;25;3;11;15;5;24;12;6;19;4;20;18;7;16;21
570;30/09/2010;20;10;18;21;14;5;2;1;15;12;22;23;4;19;3
569;27/09/2010;19;25;7;6;18;17;12;16;13;1;2;8;22;24;20
568;23/09/2010;15;16;4;9;13;6;1;20;5;18;17;7;8;21;2
567;20/09/2010;1;14;10;5;15;9;25;12;13;2;7;17;24;21;8
566;16/09/2010;5;20;16;4;1;9;7;17;3;14;15;21;11;19;10
565;13/09/2010;24;6;7;12;21;1;9;17;18;4;20;15;19;10;23
564;09/09/2010;9;19;3;14;24;12;15;21;17;23;7;4;1;20;2
563;06/09/2010;6;20;12;3;1;4;23;5;9;19;7;22;16;24;11
562;02/09/2010;3;22;16;8;13;14;24;5;18;21;20;1;7;19;2
561;30/08/2010;7;12;15;6;2;3;17;9;11;21;10;20;4;13;18
560;26/08/2010;1;4;18;21;23;25;12;24;10;19;9;20;2;14;17
559;23/08/2010;19;14;16;1;7;11;5;10;21;23;2;20;22;13;9
558;19/08/2010;14;7;25;5;24;4;20;17;21;3;18;22;12;10;1
557;16/08/2010;7;18;12;9;8;21;14;5;17;15;23;10;20;19;1
556;12/08/2010;8;11;18;20;25;1;4;9;22;23;14;13;16;17;24
555;09/08/2010;7;24;16;1;2;17;14;8;10;20;12;6;9;23;18
554;05/08/2010;13;3;22;4;25;20;19;6;9;24;21;17;2;14;1
553;02/08/2010;10;23;21;7;14;15;17;8;12;4;5;24;13;18;9
552;29/07/2010;1;24;22;4;8;13;17;20;6;10;25;12;3;5;23
551;26/07/2010;10;12;20;19;13;18;24;16;21;14;8;22;3;7;17
550;22/07/2010;16;22;14;13;11;1;9;21;17;6;10;5;18;20;7
549;19/07/2010;22;10;20;14;13;9;7;3;4;15;17;16;21;23;11
548;15/07/2010;20;23;6;13;9;14;3;4;1;2;7;25;5;8;17
547;12/07/2010;25;14;9;10;6;5;17;20;4;1;2;12;24;19;16
546;08/07/2010;5;17;10;4;9;13;3;19;18;12;21;8;11;2;23
545;05/07/2010;18;24;1;23;13;12;11;5;25;7;6;14;15;17;3
544;01/07/2010;18;19;9;21;5;8;7;4;2;14;15;13;11;24;23
543;28/06/2010;7;20;15;1;13;17;25;24;14;16;22;11;8;10;5
542;24/06/2010;18;13;8;2;4;17;22;10;24;5;9;16;1;3;20
541;21/06/2010;9;3;20;17;19;10;22;6;4;13;25;14;5;24;15
540;17/06/2010;13;11;12;7;18;16;9;22;15;24;19;20;2;6;8
539;14/06/2010;12;4;5;16;6;14;2;13;8;1;21;9;15;23;19
538;10/06/2010;12;16;6;18;10;24;19;20;13;17;11;25;21;5;2
537;07/06/2010;10;18;6;24;11;17;22;23;15;4;2;9;14;1;20
536;04/06/2010;3;19;16;4;20;11;17;9;15;22;23;5;25;24;7
535;31/05/2010;1;25;13;4;5;24;23;11;15;19;21;16;9;6;17
534;27/05/2010;3;24;2;22;5;18;7;1;19;8;12;21;11;13;15
533;24/05/2010;20;10;8;24;25;18;13;16;9;1;11;17;2;3;14
532;20/05/2010;24;7;2;9;15;6;16;5;19;12;1;11;22;4;13
531;17/05/2010;14;3;12;21;1;15;23;25;22;7;16;17;10;13;2
530;13/05/2010;11;16;10;3;8;23;14;9;18;4;7;6;12;21;22
529;10/05/2010;23;16;25;7;19;5;18;3;20;17;22;11;6;2;12
528;06/05/2010;6;23;10;4;12;15;7;24;11;25;2;19;3;21;8
527;03/05/2010;11;5;14;2;6;9;22;23;12;19;15;24;1;16;17
526;29/04/2010;4;8;24;12;7;10;1;15;2;25;9;11;16;19;14
525;26/04/2010;4;9;3;25;15;21;17;16;20;22;18;6;10;13;11
524;22/04/2010;3;11;7;22;5;2;17;23;20;24;12;6;14;10;21
523;19/04/2010;2;19;11;13;4;8;16;25;24;17;12;5;9;10;18
522;15/04/2010;16;25;11;6;19;22;23;4;2;21;7;9;17;18;24
521;12/04/2010;19;9;5;17;12;11;2;10;6;23;4;20;13;1;3
520;08/04/2010;15;12;24;10;14;4;18;6;5;22;20;9;2;23;19
519;05/04/2010;23;9;17;19;24;16;3;12;15;11;7;25;13;2;21
518;01/04/2010;19;13;11;20;14;17;24;10;5;16;12;6;4;7;22
517;29/03/2010;9;21;7;23;12;17;11;3;13;22;8;1;4;6;5
516;25/03/2010;8;7;23;11;21;4;20;6;18;5;14;24;12;2;13
515;22/03/2010;11;18;14;5;3;17;7;20;25;9;10;2;13;24;12
514;18/03/2010;1;7;24;25;8;11;22;17;9;12;15;5;6;18;21
513;15/03/2010;15;20;18;17;22;2;23;3;1;9;10;13;25;11;6
512;12/03/2010;9;2;12;15;16;5;24;6;21;7;1;4;10;8;13
511;08/03/2010;24;13;11;17;25;5;12;19;1;21;18;14;10;7;2
510;04/03/2010;23;3;21;4;20;7;6;13;25;1;22;10;11;12;2
509;01/03/2010;20;11;17;1;3;24;15;9;25;5;12;6;19;16;22
508;25/02/2010;14;15;19;8;5;2;7;9;3;25;6;16;24;18;23
507;22/02/2010;8;24;9;11;3;20;21;1;6;10;23;5;2;12;25
506;18/02/2010;21;20;19;4;11;9;15;12;6;16;24;17;22;5;13
505;13/02/2010;3;6;19;24;16;21;17;15;22;7;18;11;20;4;9
504;11/02/2010;16;15;20;10;17;13;18;14;9;21;12;19;1;23;6
503;08/02/2010;1;2;14;12;3;17;5;7;20;25;11;15;21;24;4
502;04/02/2010;23;2;10;5;19;13;4;3;16;1;6;8;24;11;18
501;01/02/2010;18;3;25;17;21;23;2;12;19;4;15;9;24;6;1
500;28/01/2010;25;16;2;5;13;21;23;8;18;6;14;3;10;20;9
499;25/01/2010;19;7;3;2;25;12;24;10;1;11;20;15;17;4;21
498;21/01/2010;11;14;20;5;16;2;23;13;22;4;15;1;6;25;18
497;18/01/2010;2;16;4;5;25;17;11;9;3;8;12;14;1;23;19
496;14/01/2010;19;11;21;22;17;14;5;16;7;9;24;13;15;4;3
495;11/01/2010;1;9;24;3;7;6;13;11;8;25;17;22;4;15;19
494;07/01/2010;12;4;7;3;20;13;5;18;8;19;16;15;21;22;2
493;04/01/2010;22;13;25;15;17;12;1;5;14;18;7;4;21;10;8
492;31/12/2009;15;3;11;1;12;8;24;6;2;4;14;21;19;25;18
491;28/12/2009;1;23;13;2;16;11;3;7;25;24;9;21;22;12;20
490;24/12/2009;10;21;12;23;17;5;13;16;14;8;22;6;18;3;11
489;21/12/2009;23;12;17;10;11;1;5;21;18;22;25;2;14;7;19
488;17/12/2009;8;7;5;13;24;14;6;20;17;15;25;22;18;12;11
487;14/12/2009;8;7;5;17;6;24;15;14;18;21;4;9;10;22;19
486;10/12/2009;4;15;13;20;19;2;22;9;7;5;11;3;18;1;21
485;07/12/2009;25;17;22;7;6;18;24;20;3;21;16;2;11;5;4
484;03/12/2009;8;4;16;20;23;14;6;13;1;11;9;17;21;10;25
483;30/11/2009;22;5;1;7;21;6;24;17;18;4;9;14;11;12;23
482;26/11/2009;25;17;15;2;21;8;10;9;22;12;6;23;7;19;16
481;23/11/2009;5;13;17;15;24;22;21;12;10;3;14;9;1;7;20
480;19/11/2009;22;7;6;24;11;8;9;12;4;25;19;18;5;17;15
479;16/11/2009;18;15;13;23;24;3;5;22;19;2;11;8;16;14;25
478;12/11/2009;11;2;22;9;10;13;24;23;7;12;5;16;25;3;18
477;09/11/2009;8;16;7;14;4;24;2;20;6;23;18;11;25;12;10
476;05/11/2009;6;1;13;5;10;7;24;17;9;19;16;15;14;25;11
475;03/11/2009;4;9;2;20;23;3;21;11;6;5;14;13;25;10;17
474;29/10/2009;3;11;10;23;16;17;21;15;12;2;5;9;1;18;24
473;27/10/2009;8;25;5;7;15;1;6;17;23;9;11;22;12;19;2
472;22/10/2009;13;6;11;2;12;1;14;7;20;8;4;17;18;15;5
471;19/10/2009;4;25;20;12;24;16;13;15;11;6;9;3;10;14;2
470;15/10/2009;20;6;7;18;22;23;13;5;15;4;1;8;3;11;10
469;13/10/2009;6;25;5;23;13;14;19;2;22;18;11;10;7;1;8
468;08/10/2009;15;9;18;17;5;13;2;6;10;21;25;3;24;22;12
467;05/10/2009;7;10;2;13;25;4;22;15;21;24;14;6;18;17;5
466;01/10/2009;6;12;17;8;20;14;10;19;25;2;22;11;7;18;21
465;28/09/2009;7;10;1;22;9;18;6;25;11;3;21;2;19;13;4
464;24/09/2009;5;25;17;2;8;21;1;23;22;16;24;19;20;10;11
463;21/09/2009;22;19;2;9;18;23;25;20;11;3;6;13;7;17;14
462;17/09/2009;18;3;7;23;17;24;21;1;8;14;5;22;16;2;12
461;14/09/2009;11;19;4;24;6;12;23;8;15;17;5;7;14;13;3
460;10/09/2009;4;9;10;1;19;15;23;11;22;17;16;12;14;6;3
459;08/09/2009;11;17;10;19;23;2;14;15;1;20;4;21;3;7;12
458;03/09/2009;22;6;13;9;4;20;3;15;8;5;2;7;18;16;11
457;31/08/2009;15;19;25;4;21;13;23;22;14;16;11;18;5;1;20
456;27/08/2009;23;12;14;4;11;24;25;9;13;17;3;10;1;18;21
455;24/08/2009;7;12;18;21;19;11;1;6;4;3;23;14;5;8;25
454;20/08/2009;12;6;4;24;20;17;22;19;25;3;13;11;15;7;14
453;17/08/2009;3;24;14;4;1;19;9;2;6;25;15;11;20;21;17
452;13/08/2009;18;14;20;9;17;24;12;19;25;10;11;1;6;8;7
451;10/08/2009;18;5;14;9;24;23;8;19;15;6;1;22;17;3;25
450;06/08/2009;24;22;11;14;5;9;16;7;4;21;23;18;17;25;6
449;03/08/2009;17;1;10;3;4;8;19;18;11;2;22;24;9;25;16
448;30/07/2009;10;17;20;5;12;23;1;6;15;13;24;3;14;9;11
447;27/07/2009;18;16;25;21;24;8;22;17;5;12;1;2;19;10;20
446;23/07/2009;1;8;4;15;6;11;14;16;24;5;19;21;10;23;2
445;20/07/2009;1;15;10;2;4;12;7;20;18;21;13;16;9;11;19
444;16/07/2009;2;7;22;18;19;20;25;3;21;1;15;6;10;14;24
443;13/07/2009;23;5;12;7;18;3;16;10;17;11;19;22;21;1;2
442;09/07/2009;22;6;12;23;8;5;18;25;14;15;17;24;9;13;7
441;06/07/2009;11;25;13;2;20;1;9;7;10;14;4;8;3;23;24
440;02/07/2009;12;1;14;19;3;13;15;21;5;22;25;24;16;8;9
439;29/06/2009;9;25;2;21;10;3;11;5;14;24;23;17;19;12;15
438;25/06/2009;21;18;7;23;13;8;9;1;15;17;11;24;22;25;4
437;22/06/2009;12;20;5;21;1;8;19;4;11;23;6;17;10;16;2
436;18/06/2009;20;3;15;25;7;23;4;6;21;19;13;10;14;18;22
435;15/06/2009;14;16;25;11;24;15;1;10;17;21;18;5;4;13;3
434;12/06/2009;21;12;3;15;17;11;13;16;4;9;23;6;25;24;18
433;08/06/2009;14;15;19;7;9;8;24;21;23;3;1;5;2;25;22
432;04/06/2009;10;15;13;6;21;12;2;17;7;20;3;23;4;19;24
431;01/06/2009;24;3;18;5;12;21;13;9;15;20;22;11;1;23;2
430;28/05/2009;5;14;2;20;15;7;25;13;22;6;4;23;9;11;3
429;25/05/2009;16;7;23;3;5;13;2;12;25;14;19;4;6;17;8
428;21/05/2009;13;17;4;14;1;20;18;24;23;11;22;15;19;3;21
427;18/05/2009;4;9;7;24;3;11;16;1;10;21;6;22;19;5;12
426;14/05/2009;6;15;16;24;19;11;25;3;5;10;4;18;2;22;8
425;11/05/2009;16;1;19;22;23;7;10;20;11;12;13;18;9;15;24
424;07/05/2009;6;11;13;24;10;1;15;18;25;16;9;3;17;14;19
423;04/05/2009;17;16;24;20;25;1;13;2;23;18;11;15;5;3;22
422;30/04/2009;25;7;22;3;8;18;14;17;1;23;4;12;13;6;2
421;27/04/2009;25;10;14;4;5;15;9;3;13;20;16;8;19;23;12
420;23/04/2009;22;11;3;19;9;5;4;24;10;25;12;18;8;7;6
419;20/04/2009;23;3;17;21;16;14;18;5;4;22;20;15;24;7;6
418;16/04/2009;5;19;20;22;11;9;14;8;10;12;24;25;13;18;23
417;15/04/2009;21;8;17;12;1;23;14;13;2;9;3;11;19;16;15
416;09/04/2009;13;20;6;19;23;25;15;5;18;22;24;1;2;7;16
415;06/04/2009;7;3;15;1;22;18;19;23;10;11;20;13;14;21;17
414;02/04/2009;3;16;19;15;6;5;20;11;18;25;21;10;8;2;9
413;30/03/2009;8;16;20;21;14;3;10;25;13;17;6;12;2;5;9
412;26/03/2009;18;20;21;12;4;11;3;22;19;17;25;10;9;8;16
411;23/03/2009;18;17;1;5;14;25;7;16;12;24;20;11;22;21;9
410;19/03/2009;5;17;1;4;8;15;19;18;7;10;25;9;14;13;11
409;16/03/2009;24;6;14;20;8;7;23;25;4;2;10;16;21;1;17
408;12/03/2009;20;1;14;12;18;3;21;22;11;4;2;10;15;23;19
407;09/03/2009;12;14;11;17;22;20;25;4;8;15;6;16;9;7;2
406;05/03/2009;16;9;5;1;2;8;24;4;22;21;11;7;10;17;23
405;02/03/2009;18;16;25;5;7;24;6;11;8;4;19;22;14;13;12
404;26/02/2009;21;8;14;1;6;13;20;11;18;16;24;25;22;5;10
403;19/02/2009;25;21;8;14;24;13;2;9;7;4;12;15;6;11;19
402;16/02/2009;9;6;21;22;20;1;11;7;8;23;2;4;25;24;16
401;12/02/2009;8;7;25;17;23;10;6;24;21;5;2;3;14;16;1
400;09/02/2009;12;20;23;24;15;1;9;22;10;19;17;14;16;21;5
399;05/02/2009;10;22;12;11;14;24;21;19;9;17;23;1;7;4;16
398;02/02/2009;13;22;10;3;9;16;12;20;5;7;18;4;21;2;8
397;29/01/2009;15;2;25;20;6;4;10;1;3;5;9;13;14;8;22
396;26/01/2009;3;2;9;1;5;10;15;13;22;7;6;24;20;18;11
395;22/01/2009;2;8;11;25;22;1;4;9;13;14;15;23;21;17;6
394;19/01/2009;6;14;12;13;2;22;16;20;18;7;24;21;8;23;5
393;15/01/2009;4;8;23;17;3;21;22;20;18;1;25;6;7;10;11
392;12/01/2009;1;23;2;18;20;3;17;21;11;25;15;10;4;14;12
391;08/01/2009;21;18;25;16;6;15;4;23;13;12;3;1;9;22;8
390;05/01/2009;12;25;21;5;7;22;19;2;20;13;14;10;11;15;24
389;02/01/2009;19;23;2;12;3;9;24;4;17;5;10;25;13;6;18
388;29/12/2008;1;7;21;15;16;9;11;6;10;20;5;17;3;18;2
387;26/12/2008;23;12;11;14;19;15;21;9;4;22;8;2;20;3;10
386;22/12/2008;23;15;11;21;19;3;7;6;9;1;18;20;25;2;4
385;18/12/2008;4;5;8;12;20;23;25;6;13;15;18;1;24;22;2
384;15/12/2008;17;19;13;22;7;11;25;4;1;15;18;3;21;10;20
383;11/12/2008;24;22;11;16;15;7;9;23;18;6;5;14;25;12;3
382;08/12/2008;10;15;11;3;24;8;12;2;4;14;22;21;7;9;16
381;04/12/2008;3;7;13;19;25;15;6;12;17;4;10;22;21;9;1
380;01/12/2008;8;7;14;9;25;6;23;10;4;17;18;22;3;11;2
379;27/11/2008;21;7;14;17;16;13;4;22;5;3;12;25;18;11;10
378;24/11/2008;24;2;25;13;16;14;6;23;12;4;15;21;3;22;19
377;20/11/2008;22;11;12;15;4;3;1;8;2;7;17;9;13;19;20
376;17/11/2008;12;24;3;14;8;20;16;10;18;22;13;21;25;15;2
375;13/11/2008;1;5;16;10;25;2;14;13;11;18;7;19;12;17;20
374;10/11/2008;21;3;25;24;16;9;6;18;20;23;13;12;22;2;1
373;06/11/2008;19;20;11;22;4;17;14;13;9;23;2;15;12;21;6
372;03/11/2008;19;12;23;10;24;14;16;6;22;25;17;13;3;4;5
371;30/10/2008;1;16;2;8;3;13;22;7;10;5;14;6;15;25;9
370;27/10/2008;14;17;11;3;7;12;19;4;9;10;16;23;6;25;8
369;23/10/2008;24;9;12;5;15;3;23;11;6;21;1;7;14;22;20
368;20/10/2008;6;13;22;5;2;3;24;14;11;21;20;15;19;17;4
367;16/10/2008;15;21;13;20;18;22;12;7;1;17;2;8;4;9;24
366;13/10/2008;23;6;22;11;15;21;13;5;8;3;17;9;20;18;25
365;09/10/2008;11;12;4;8;19;5;15;20;23;16;3;24;25;18;10
364;06/10/2008;2;9;6;15;19;21;12;11;7;20;22;13;24;3;4
363;02/10/2008;22;23;16;3;8;6;17;2;4;9;13;11;15;20;21
362;29/09/2008;10;23;4;13;22;6;3;18;1;2;24;12;5;7;17
361;25/09/2008;9;1;20;12;7;10;14;24;19;23;13;4;17;16;15
360;22/09/2008;5;17;18;2;11;8;4;19;20;1;3;24;9;23;7
359;18/09/2008;22;21;12;4;25;13;8;24;16;11;7;17;19;18;10
358;15/09/2008;25;16;17;11;14;18;12;23;24;4;15;2;10;6;9
357;11/09/2008;17;10;6;23;21;5;8;9;14;2;19;1;13;11;25
356;08/09/2008;13;10;2;24;5;16;15;11;14;19;9;4;25;22;20
355;04/09/2008;12;11;23;13;8;4;19;25;18;7;10;6;9;15;2
354;01/09/2008;23;22;9;10;8;19;17;12;1;2;18;21;4;16;7
353;28/08/2008;18;23;19;8;12;2;9;11;3;21;22;20;13;17;7
352;25/08/2008;3;1;15;13;6;20;17;24;19;2;12;22;4;9;18
351;21/08/2008;7;1;12;3;24;18;23;5;19;2;14;11;10;17;16
350;18/08/2008;23;9;1;14;13;7;15;4;25;22;12;8;6;2;3
349;14/08/2008;7;8;17;20;22;12;1;16;2;19;25;24;5;14;18
348;11/08/2008;14;8;20;19;12;25;1;7;18;24;2;17;5;22;21
347;07/08/2008;15;24;19;3;18;14;25;12;20;9;10;11;5;8;7
346;04/08/2008;14;10;23;5;12;6;8;17;24;18;15;2;1;21;3
345;31/07/2008;23;25;9;24;20;2;12;16;19;14;15;7;18;11;21
344;28/07/2008;11;16;9;20;25;24;5;3;12;10;15;13;4;21;6
343;24/07/2008;20;15;11;25;6;8;18;12;13;16;14;19;22;3;5
342;21/07/2008;8;3;11;25;23;12;21;15;1;4;20;13;16;19;22
341;17/07/2008;20;5;21;12;11;7;16;19;18;13;22;1;25;24;9
340;14/07/2008;14;4;19;2;8;21;20;25;11;10;6;9;5;22;3
339;10/07/2008;13;19;1;23;18;16;15;5;22;20;24;21;8;2;10
338;07/07/2008;16;4;7;19;9;3;5;21;20;15;25;17;6;14;12
337;03/07/2008;3;11;7;8;23;4;19;16;9;5;1;18;22;10;12
336;30/06/2008;10;15;16;11;3;25;1;14;19;5;22;2;17;6;8
335;26/06/2008;16;14;21;9;6;17;8;3;20;19;1;12;11;7;4
334;23/06/2008;17;8;13;15;11;22;21;6;1;2;18;23;25;7;16
333;19/06/2008;16;2;13;25;9;14;1;6;21;15;5;23;18;12;11
332;16/06/2008;3;2;11;21;20;12;6;5;19;7;23;24;14;10;25
331;12/06/2008;16;15;13;19;5;23;3;18;1;7;6;22;21;25;12
330;09/06/2008;15;19;24;25;2;12;14;5;9;22;23;1;18;17;6
329;05/06/2008;18;21;8;20;24;9;1;14;4;23;25;3;17;2;13
328;02/06/2008;13;2;25;23;19;11;12;22;18;24;4;5;3;15;21
327;29/05/2008;19;8;4;14;3;16;1;15;13;12;17;21;23;2;18
326;26/05/2008;25;7;24;6;15;13;12;10;1;18;8;11;4;17;2
325;23/05/2008;25;10;22;20;23;5;4;6;2;14;24;19;7;15;1
324;19/05/2008;21;10;2;23;8;1;24;16;6;4;7;12;9;3;20
323;15/05/2008;4;17;2;21;14;1;3;20;6;7;10;25;23;9;19
322;12/05/2008;1;12;13;2;16;23;3;7;5;20;17;18;15;24;21
321;08/05/2008;17;20;12;25;9;24;14;3;10;2;4;13;11;16;18
320;05/05/2008;19;15;12;17;11;18;1;25;3;22;9;21;14;6;23
319;02/05/2008;14;24;6;9;4;8;3;16;23;1;19;10;20;12;17
318;28/04/2008;11;21;12;14;6;4;16;15;13;25;5;3;18;23;9
317;24/04/2008;21;5;8;4;11;1;22;2;25;14;18;16;9;24;19
316;22/04/2008;8;19;6;14;4;3;24;23;1;13;12;15;10;18;7
315;17/04/2008;16;13;11;23;5;6;21;17;8;2;24;3;20;14;19
314;14/04/2008;21;5;11;1;8;19;2;22;9;20;6;12;14;13;15
313;10/04/2008;7;6;14;23;17;12;15;19;10;16;9;25;2;3;18
312;07/04/2008;22;8;9;18;2;17;10;19;1;16;25;11;13;12;6
311;03/04/2008;23;5;24;12;17;10;25;2;14;16;20;19;15;7;4
310;31/03/2008;11;14;21;10;3;24;18;19;9;15;23;16;5;2;17
309;27/03/2008;3;13;22;10;16;21;1;9;14;20;4;8;17;24;2
308;24/03/2008;23;1;21;16;24;19;5;25;12;13;22;4;18;2;15
307;20/03/2008;20;9;12;14;23;17;21;24;19;1;3;10;15;4;6
306;17/03/2008;25;5;13;4;2;8;20;1;11;16;18;12;14;15;19
305;13/03/2008;20;10;25;4;3;18;22;21;2;8;11;12;5;24;13
304;10/03/2008;1;15;22;16;14;4;18;17;12;21;20;25;5;3;19
303;06/03/2008;6;22;18;21;12;24;23;20;15;17;2;8;3;16;4
302;03/03/2008;18;20;9;6;11;25;2;16;15;14;4;22;12;10;5
301;28/02/2008;2;9;11;3;17;13;12;19;20;15;22;23;18;8;14
300;25/02/2008;7;21;9;4;11;23;19;17;3;12;8;25;20;15;22
299;21/02/2008;10;20;3;24;23;6;17;8;22;13;7;5;19;18;21
298;18/02/2008;1;6;7;16;4;24;21;8;13;3;11;15;14;12;22
297;14/02/2008;23;10;25;24;1;21;15;9;8;16;4;22;14;7;12
296;11/02/2008;16;18;14;6;22;11;15;19;2;25;7;3;12;8;17
295;07/02/2008;25;24;6;23;15;10;3;21;13;18;2;4;19;17;16
294;31/01/2008;11;16;24;4;20;2;1;5;7;3;8;12;15;23;25
293;28/01/2008;14;12;3;9;25;22;13;24;2;6;1;23;18;15;19
292;24/01/2008;21;3;24;7;17;5;2;11;13;9;22;12;25;16;8
291;21/01/2008;14;8;15;10;1;5;17;24;2;12;7;13;23;20;11
290;17/01/2008;17;9;13;2;23;14;11;20;22;7;6;12;1;21;5
289;14/01/2008;4;8;1;3;10;19;2;14;6;9;17;15;12;24;22
288;10/01/2008;18;15;6;19;2;10;3;14;25;9;24;1;4;13;12
287;07/01/2008;15;21;6;23;2;10;22;25;7;17;16;5;18;13;12
286;03/01/2008;25;1;23;21;7;4;11;9;12;2;13;10;24;19;3
285;29/12/2007;11;16;8;10;14;1;4;5;15;22;9;12;19;13;23
284;27/12/2007;23;5;22;7;21;12;25;13;1;11;15;17;3;6;19
283;22/12/2007;24;22;10;13;4;20;6;1;11;9;23;12;8;2;19
282;20/12/2007;25;7;3;21;11;20;16;13;8;4;15;12;19;22;2
281;17/12/2007;4;1;10;23;12;2;25;17;19;8;11;9;14;3;15
280;13/12/2007;9;25;20;10;19;24;5;13;16;3;17;11;6;15;4
279;10/12/2007;12;10;3;17;18;6;5;23;1;2;22;19;11;9;13
278;06/12/2007;12;9;2;3;21;19;1;23;5;15;11;17;13;6;25
277;03/12/2007;16;24;13;2;17;10;9;11;21;4;23;14;25;22;12
276;29/11/2007;2;7;17;5;18;12;22;3;25;13;20;4;11;19;10
275;26/11/2007;6;9;12;22;1;10;15;5;14;17;20;3;18;11;8
274;22/11/2007;15;25;5;23;10;2;7;12;17;14;11;21;6;20;4
273;19/11/2007;16;5;21;7;12;20;1;15;24;18;25;10;19;17;6
272;16/11/2007;25;15;12;1;4;9;13;24;8;17;5;20;11;23;2
271;12/11/2007;19;11;5;16;24;20;25;6;4;12;8;1;21;2;18
270;08/11/2007;16;1;14;5;9;18;8;3;6;25;7;19;23;4;24
269;05/11/2007;22;2;1;4;13;15;18;19;24;23;10;16;17;6;14
268;01/11/2007;25;23;8;15;9;16;20;12;7;18;6;19;5;10;14
267;29/10/2007;15;11;23;9;12;6;14;13;17;24;21;2;5;4;3
266;25/10/2007;18;21;3;19;4;14;24;22;5;6;7;9;11;1;15
265;22/10/2007;7;12;22;5;19;11;18;8;13;16;17;24;1;20;15
264;18/10/2007;8;3;25;6;22;9;13;23;20;4;16;19;1;12;21
263;15/10/2007;23;19;8;15;16;11;7;21;24;9;10;1;18;4;14
262;11/10/2007;8;21;12;20;3;14;13;7;9;24;15;23;4;17;6
261;08/10/2007;4;2;16;15;25;6;11;21;5;17;19;20;7;13;1
260;04/10/2007;24;11;5;19;7;20;9;18;14;3;13;8;1;6;4
259;01/10/2007;10;25;18;15;6;21;22;20;7;3;8;9;24;19;5
258;27/09/2007;13;20;12;4;2;25;22;24;19;21;9;6;14;5;17
257;24/09/2007;22;10;12;9;7;18;13;6;1;16;3;24;14;17;19
256;20/09/2007;1;12;10;9;16;8;18;20;7;2;6;22;13;15;24
255;17/09/2007;17;3;4;1;2;14;15;10;9;16;22;24;6;21;23
254;13/09/2007;20;2;23;6;5;14;15;9;8;3;7;11;16;13;4
253;10/09/2007;22;4;19;5;21;23;6;1;18;11;12;15;8;13;7
252;06/09/2007;2;6;18;25;15;11;24;23;3;22;17;4;19;14;8
251;03/09/2007;21;13;19;15;23;18;22;9;4;25;16;10;3;5;6
250;30/08/2007;19;13;2;5;23;9;3;10;15;17;16;18;21;12;1
249;27/08/2007;23;5;21;14;18;12;7;15;8;4;25;9;22;17;10
248;23/08/2007;25;10;12;8;5;2;11;20;21;1;16;19;9;13;15
247;20/08/2007;1;22;7;8;14;4;2;25;3;17;15;16;23;19;9
246;16/08/2007;8;7;25;24;1;5;9;21;18;15;17;12;10;4;13
245;13/08/2007;11;24;10;19;18;12;14;25;1;9;2;15;6;7;16
244;09/08/2007;6;12;10;24;11;7;18;15;3;22;5;14;20;21;9
243;06/08/2007;5;3;13;25;7;23;16;21;18;1;20;4;2;12;17
242;02/08/2007;13;2;21;19;8;15;17;6;22;14;9;16;18;23;5
241;30/07/2007;14;5;23;24;13;15;21;8;12;9;25;4;17;20;3
240;26/07/2007;2;10;9;23;19;15;1;13;22;4;11;18;14;16;21
239;23/07/2007;7;13;9;14;25;15;10;22;1;23;16;3;6;19;5
238;19/07/2007;11;17;19;24;20;13;6;21;4;12;1;14;23;15;3
237;16/07/2007;13;12;7;6;5;19;23;16;4;20;22;9;18;15;21
236;12/07/2007;1;13;3;22;25;23;5;16;4;9;12;15;8;7;21
235;09/07/2007;21;13;24;14;18;17;8;16;12;23;19;15;1;25;10
234;05/07/2007;11;14;1;5;2;12;3;4;13;17;24;9;15;21;22
233;02/07/2007;1;14;7;3;13;2;6;8;12;5;21;17;9;19;4
232;28/06/2007;11;24;21;23;14;25;16;13;12;4;5;17;6;9;18
231;25/06/2007;24;17;19;12;21;1;5;18;10;2;7;15;25;6;16
230;21/06/2007;6;1;4;24;17;22;8;11;2;5;15;13;14;3;10
229;18/06/2007;9;6;25;15;20;12;16;14;11;10;17;23;8;13;2
228;14/06/2007;14;15;19;17;11;4;20;16;13;25;12;24;18;2;10
227;11/06/2007;10;18;20;21;5;17;14;12;19;7;22;15;9;1;8
226;08/06/2007;20;5;19;14;13;10;8;15;17;21;18;4;16;11;25
225;04/06/2007;15;25;8;1;23;3;5;13;2;19;14;20;22;7;18
224;31/05/2007;24;9;8;4;19;11;21;13;18;20;15;23;10;6;12
223;28/05/2007;9;23;14;22;2;24;11;7;10;13;16;21;4;12;20
222;24/05/2007;5;15;21;4;23;12;7;8;24;22;6;18;1;3;9
221;21/05/2007;6;1;17;7;21;12;3;23;16;20;2;8;19;10;25
220;17/05/2007;21;16;5;25;13;23;24;10;20;18;14;9;15;12;17
219;14/05/2007;19;24;3;22;2;17;11;18;25;16;23;8;9;14;6
218;10/05/2007;21;25;15;17;11;22;2;16;8;13;14;12;5;20;7
217;07/05/2007;6;16;4;5;12;19;11;25;10;21;7;2;9;17;3
216;03/05/2007;11;9;17;13;21;6;4;25;24;5;3;7;19;2;10
215;30/04/2007;17;15;3;12;25;9;19;23;11;4;7;14;5;18;1
214;26/04/2007;2;14;4;18;9;24;11;1;13;19;3;22;25;20;15
213;23/04/2007;16;1;10;21;5;4;9;23;8;3;24;25;11;18;19
212;19/04/2007;16;6;19;22;3;1;20;11;10;14;8;23;4;9;12
211;16/04/2007;17;1;10;12;2;6;8;4;24;18;14;22;11;16;25
210;12/04/2007;15;16;7;14;18;22;10;13;23;11;3;24;9;21;5
209;09/04/2007;24;1;19;22;25;3;10;15;14;6;5;18;21;7;9
208;05/04/2007;24;19;16;7;3;12;23;6;9;10;4;1;14;11;15
207;02/04/2007;4;12;6;1;15;10;19;3;14;9;17;2;13;22;20
206;29/03/2007;22;9;5;16;15;3;13;8;21;2;12;17;11;20;14
205;26/03/2007;21;4;18;12;22;10;2;16;17;11;3;15;25;14;9
204;22/03/2007;8;25;16;17;23;22;5;15;4;7;24;2;14;3;11
203;19/03/2007;24;2;4;5;12;13;1;3;23;18;6;7;25;14;17
202;15/03/2007;5;14;23;19;24;10;17;11;1;21;22;13;16;3;18
201;12/03/2007;10;15;8;19;2;11;12;5;20;1;22;4;13;9;14
200;08/03/2007;16;8;9;5;23;11;13;12;4;14;15;2;1;21;24
199;05/03/2007;23;2;6;11;22;20;4;3;15;5;1;9;21;12;19
198;01/03/2007;25;1;6;2;13;7;18;21;14;4;15;20;5;17;16
197;26/02/2007;9;13;23;20;3;6;10;5;22;4;8;12;7;18;21
196;22/02/2007;22;24;10;15;16;25;20;14;17;5;2;4;23;19;3
195;15/02/2007;4;3;14;22;19;17;9;12;18;7;23;8;11;2;6
194;12/02/2007;23;14;22;25;12;18;8;9;13;15;2;21;17;7;10
193;08/02/2007;14;16;21;2;9;19;20;3;4;10;25;1;15;5;8
192;05/02/2007;24;11;1;13;3;6;16;4;15;22;2;23;14;5;21
191;01/02/2007;23;9;18;5;19;20;8;2;22;10;13;21;15;17;12
190;29/01/2007;16;11;13;15;23;24;8;1;5;18;4;19;3;7;14
189;25/01/2007;9;13;5;18;23;19;16;22;1;2;7;4;20;6;24
188;22/01/2007;16;19;20;10;25;24;22;8;13;5;11;23;21;2;3
187;18/01/2007;21;25;12;1;16;3;13;24;11;17;19;15;23;22;18
186;15/01/2007;16;25;23;22;13;5;6;19;24;17;2;18;4;11;12
185;11/01/2007;20;19;25;6;1;15;23;8;12;9;11;4;7;2;17
184;08/01/2007;3;17;7;23;11;15;8;1;19;21;25;16;18;9;10
183;04/01/2007;8;7;6;13;23;11;19;21;16;25;14;20;24;2;4
182;02/01/2007;11;22;8;19;17;3;2;14;25;9;7;21;13;23;4
181;28/12/2006;1;16;22;5;20;7;23;8;15;4;6;14;17;19;21
180;26/12/2006;2;4;11;20;17;25;24;7;1;5;3;10;15;6;8
179;21/12/2006;2;15;17;3;22;19;14;7;23;25;5;4;24;9;13
178;18/12/2006;6;3;21;25;10;20;19;23;9;4;8;2;24;16;14
177;14/12/2006;24;16;11;13;6;19;2;17;7;8;15;20;10;23;21
176;11/12/2006;12;25;15;21;10;4;24;16;11;13;18;2;22;17;23
175;07/12/2006;7;11;2;14;18;5;21;19;16;3;15;12;24;13;6
174;04/12/2006;4;7;13;23;10;20;2;9;1;15;24;17;12;25;11
173;30/11/2006;2;5;11;23;22;15;8;24;20;21;19;3;7;4;25
172;27/11/2006;2;18;9;11;7;13;6;1;4;25;12;20;21;22;10
171;23/11/2006;24;3;25;10;17;13;16;22;15;4;1;23;12;11;21
170;21/11/2006;7;22;25;4;13;23;6;5;1;20;3;10;18;8;16
169;16/11/2006;4;16;24;6;8;11;15;10;1;21;5;12;9;7;20
168;13/11/2006;1;7;20;4;19;12;24;3;15;17;16;2;10;23;22
167;09/11/2006;18;10;1;13;19;9;16;14;24;2;6;3;22;8;23
166;06/11/2006;18;3;9;21;19;22;8;15;10;23;14;2;20;4;13
165;03/11/2006;9;1;19;13;14;4;12;15;25;2;22;8;18;17;6
164;30/10/2006;1;11;14;5;15;10;2;6;21;18;3;24;8;23;22
163;26/10/2006;21;3;14;6;2;1;25;9;15;13;20;24;23;7;5
162;23/10/2006;3;1;12;6;20;11;5;16;24;2;8;23;13;4;18
161;19/10/2006;21;24;1;8;20;17;25;18;11;5;15;23;22;16;13
160;16/10/2006;15;14;3;12;16;24;19;21;20;17;10;4;9;1;11
159;09/10/2006;11;2;1;3;17;15;25;10;24;14;4;6;8;5;20
158;02/10/2006;11;15;22;17;12;23;2;7;16;18;19;9;20;10;8
157;25/09/2006;10;14;2;18;25;9;21;7;24;1;16;6;4;12;19
156;18/09/2006;3;8;9;15;13;10;12;4;23;20;22;1;19;11;14
155;11/09/2006;15;10;16;14;8;11;19;2;21;20;18;4;5;22;24
154;04/09/2006;18;9;16;5;15;24;23;10;1;11;14;6;13;3;2
153;28/08/2006;13;21;5;25;8;20;23;12;11;4;1;18;2;24;17
152;21/08/2006;23;3;25;6;19;22;24;15;7;17;8;13;20;4;5
151;14/08/2006;18;10;13;11;3;9;12;4;23;7;24;16;14;5;20
150;07/08/2006;21;7;11;5;8;19;1;25;6;22;24;14;23;9;3
149;01/08/2006;24;19;2;17;16;9;25;5;20;18;13;10;15;23;7
148;24/07/2006;5;22;24;2;1;12;8;21;16;25;20;9;13;4;17
147;17/07/2006;2;5;12;13;21;23;22;11;1;10;6;25;4;19;16
146;10/07/2006;17;22;12;2;11;5;24;10;14;13;25;16;1;23;8
145;03/07/2006;14;15;20;22;13;10;25;11;18;9;24;2;3;1;17
144;26/06/2006;12;17;1;2;21;4;14;22;9;24;20;7;19;11;25
143;19/06/2006;21;11;22;9;24;8;17;15;25;1;16;23;13;19;2
142;12/06/2006;1;18;19;5;23;7;6;16;17;24;15;9;22;4;2
141;05/06/2006;18;12;19;3;8;17;13;1;25;20;10;16;9;24;7
140;29/05/2006;12;10;19;1;25;22;15;6;2;24;13;20;9;18;3
139;22/05/2006;22;24;23;12;1;15;7;14;21;16;17;2;9;18;19
138;15/05/2006;15;7;16;17;8;24;22;2;3;13;11;5;21;25;4
137;08/05/2006;18;6;19;25;11;8;17;20;16;10;2;21;12;9;13
136;02/05/2006;1;2;23;12;17;21;5;22;9;15;24;14;13;6;3
135;24/04/2006;7;22;13;2;21;14;19;8;1;25;20;10;15;18;5
134;17/04/2006;12;16;5;7;11;19;8;25;22;17;14;1;3;10;13
133;10/04/2006;18;22;9;3;15;20;8;21;4;19;13;1;11;23;5
132;03/04/2006;9;25;14;11;7;15;1;22;16;4;5;17;3;10;23
131;27/03/2006;2;25;20;12;5;7;6;11;13;19;8;4;15;22;23
130;20/03/2006;15;19;6;4;24;2;17;25;13;23;10;12;5;3;9
129;13/03/2006;5;11;9;22;6;21;7;19;2;20;15;23;18;25;13
128;06/03/2006;17;2;14;21;3;23;6;15;13;11;4;16;19;25;20
127;01/03/2006;5;25;4;1;13;2;12;18;22;19;23;7;3;10;11
126;20/02/2006;7;22;18;8;13;25;16;1;21;4;24;14;3;2;6
125;13/02/2006;10;22;7;6;12;16;11;21;4;9;24;3;2;25;15
124;06/02/2006;19;9;2;6;24;7;20;16;15;3;25;14;4;18;21
123;30/01/2006;20;13;21;6;18;5;4;7;17;24;19;12;23;11;22
122;23/01/2006;5;22;2;10;13;15;9;20;4;25;1;18;23;17;8
121;16/01/2006;17;24;25;23;7;2;4;5;11;10;9;1;18;16;12
120;09/01/2006;3;8;19;7;20;16;15;13;12;11;1;24;18;21;5
119;02/01/2006;15;1;21;22;9;4;18;6;24;20;23;11;8;10;17
118;27/12/2005;24;15;21;22;18;4;14;13;19;6;12;2;23;8;5
117;19/12/2005;14;20;5;11;9;23;18;17;6;13;25;15;7;12;10
116;12/12/2005;11;13;18;10;25;23;16;1;14;2;19;21;12;9;20
115;05/12/2005;4;17;5;16;6;11;20;9;12;21;25;7;13;1;18
114;28/11/2005;20;3;22;9;6;2;14;1;10;25;24;11;21;8;7
113;21/11/2005;6;14;24;2;19;5;12;8;20;21;4;11;1;13;25
112;14/11/2005;20;10;2;6;19;21;18;3;17;11;1;14;4;15;23
111;07/11/2005;10;1;19;21;25;17;12;5;11;15;13;24;6;18;22
110;31/10/2005;23;20;3;6;5;1;4;25;12;13;21;17;22;14;19
109;24/10/2005;9;7;23;1;11;25;18;13;20;3;21;5;24;16;12
108;17/10/2005;9;15;25;14;16;2;8;11;12;7;1;22;4;23;18
107;10/10/2005;24;4;7;17;21;12;15;3;25;11;1;18;6;8;9
106;03/10/2005;5;15;3;1;4;13;22;2;25;6;10;17;14;23;12
105;26/09/2005;8;7;10;12;25;9;15;22;19;6;11;13;4;17;21
104;19/09/2005;6;5;22;24;19;16;11;14;21;13;15;25;7;18;10
103;12/09/2005;23;18;1;7;5;22;2;3;25;10;4;17;8;16;11
102;05/09/2005;19;4;22;1;7;23;10;25;21;11;18;2;3;9;12
101;29/08/2005;7;6;14;19;13;3;21;23;1;24;16;17;9;20;10
100;22/08/2005;11;22;14;25;10;8;23;13;4;16;17;9;3;12;1
99;15/08/2005;4;7;24;25;20;14;1;2;10;16;17;11;21;13;3
98;08/08/2005;24;17;15;25;8;18;22;6;1;11;23;20;5;2;10
97;02/08/2005;4;10;13;22;17;3;23;24;12;14;15;25;19;20;6
96;25/07/2005;9;17;24;6;16;10;23;18;14;19;4;3;12;21;22
95;18/07/2005;10;4;18;22;1;3;20;19;17;2;15;5;11;12;14
94;11/07/2005;21;9;13;12;11;15;4;22;24;16;8;18;23;2;17
93;04/07/2005;4;24;7;17;9;13;18;20;5;6;10;21;2;19;23
92;27/06/2005;17;6;4;1;8;15;2;19;14;13;12;18;21;24;22
91;20/06/2005;16;23;1;25;22;14;9;13;11;10;12;15;4;20;17
90;13/06/2005;22;10;11;8;17;20;23;3;21;1;15;25;2;12;24
89;06/06/2005;23;16;1;12;21;25;17;19;13;20;24;15;6;11;22
88;30/05/2005;8;10;18;24;11;1;17;2;25;9;14;19;12;4;5
87;23/05/2005;11;3;18;25;5;24;13;8;15;10;9;22;1;2;20
86;16/05/2005;13;19;12;18;5;6;9;24;23;4;17;8;25;2;14
85;09/05/2005;1;2;11;21;16;8;23;7;18;22;14;15;5;13;9
84;02/05/2005;15;22;8;25;6;4;16;1;2;24;19;20;17;23;12
83;25/04/2005;23;10;25;20;14;3;1;6;2;11;8;13;12;24;5
82;18/04/2005;4;8;19;12;23;17;13;20;1;18;6;15;5;22;9
81;11/04/2005;13;2;7;19;17;15;1;4;6;21;3;11;5;16;10
80;04/04/2005;17;22;25;7;20;3;18;10;4;1;14;9;2;5;15
79;28/03/2005;15;14;17;2;22;24;5;23;20;9;12;18;25;1;3
78;21/03/2005;15;5;17;23;1;8;7;20;16;6;12;18;3;2;13
77;14/03/2005;6;20;4;9;11;17;3;8;2;21;24;14;22;25;18
76;07/03/2005;15;5;12;10;19;16;21;17;25;9;13;1;23;8;3
75;28/02/2005;10;8;3;16;7;25;20;4;13;6;11;15;17;5;1
74;21/02/2005;8;25;3;1;2;22;16;4;5;15;6;18;13;23;11
73;14/02/2005;25;17;18;2;16;19;15;13;14;5;21;11;7;1;10
72;09/02/2005;2;16;5;25;23;11;18;13;24;15;1;7;8;12;17
71;31/01/2005;13;3;22;5;1;21;23;6;8;11;15;18;14;16;9
70;24/01/2005;14;5;9;24;6;15;12;19;20;1;2;25;16;10;3
69;17/01/2005;23;7;11;15;4;17;20;8;9;24;1;18;21;10;19
68;10/01/2005;9;1;25;16;6;3;5;22;7;12;8;10;2;17;23
67;03/01/2005;7;24;13;20;16;5;21;12;11;8;15;22;23;10;9
66;27/12/2004;8;10;23;17;11;20;2;14;21;22;15;16;24;4;1
65;20/12/2004;23;19;10;7;1;17;4;2;22;16;21;15;20;18;25
64;13/12/2004;13;1;10;6;25;23;14;9;7;2;18;8;20;3;17
63;06/12/2004;13;19;22;17;10;4;25;9;24;8;16;11;21;12;20
62;29/11/2004;9;7;1;13;20;11;3;17;25;8;14;16;15;18;24
61;22/11/2004;4;15;1;23;9;14;12;11;13;19;25;16;22;5;20
60;16/11/2004;17;22;16;5;3;2;18;8;25;11;1;19;4;23;24
59;08/11/2004;6;8;14;1;23;20;3;15;25;11;5;7;13;10;19
58;01/11/2004;20;14;11;13;19;18;15;16;5;3;6;12;17;22;4
57;25/10/2004;25;17;8;11;3;6;19;22;21;7;20;1;4;12;2
56;18/10/2004;19;1;5;14;16;15;17;2;13;22;20;12;23;9;24
55;11/10/2004;4;6;12;15;2;3;13;16;8;9;7;25;5;18;19
54;04/10/2004;22;8;12;9;21;5;20;4;24;2;7;6;14;16;18
53;27/09/2004;23;3;7;17;20;14;12;2;18;24;6;1;11;9;19
52;20/09/2004;25;4;16;2;15;21;12;9;11;8;24;23;1;13;22
51;13/09/2004;8;1;13;14;5;22;21;7;6;23;3;17;20;11;16
50;06/09/2004;2;3;7;25;21;23;10;1;13;11;20;6;12;19;9
49;30/08/2004;11;2;24;8;20;16;4;13;19;6;15;22;5;23;21
48;23/08/2004;15;6;21;20;2;17;5;23;11;7;13;16;18;19;22
47;16/08/2004;6;8;25;18;20;5;11;10;15;13;4;22;3;2;1
46;09/08/2004;6;14;8;11;24;18;19;23;2;5;4;21;10;1;25
45;02/08/2004;1;23;14;16;2;19;18;7;21;9;24;25;17;5;3
44;26/07/2004;23;21;12;19;5;4;6;13;14;10;3;18;24;11;25
43;19/07/2004;23;22;3;17;1;24;14;19;8;6;9;18;20;7;10
42;12/07/2004;1;24;12;25;4;3;21;8;11;6;15;22;14;17;5
41;05/07/2004;25;4;23;18;17;19;15;13;9;3;12;20;21;16;2
40;28/06/2004;10;17;16;12;14;24;8;7;5;20;21;1;13;2;22
39;21/06/2004;14;15;7;19;8;9;22;17;23;18;2;11;24;13;21
38;14/06/2004;14;13;8;16;1;10;3;7;15;25;9;2;24;6;22
37;07/06/2004;24;20;5;15;10;22;21;3;1;23;11;4;13;8;9
36;31/05/2004;7;23;10;20;1;21;4;8;11;19;17;22;24;14;5
35;24/05/2004;12;1;13;23;19;21;17;11;22;6;25;16;14;5;4
34;17/05/2004;7;19;16;10;23;4;18;11;8;9;20;21;1;2;15
33;10/05/2004;8;20;12;16;10;21;5;2;23;19;11;24;1;14;7
32;03/05/2004;10;14;9;16;15;7;22;6;4;2;1;17;23;11;20
31;26/04/2004;1;3;22;14;21;17;24;15;20;13;2;19;4;25;9
30;19/04/2004;22;2;1;17;8;4;19;20;11;14;6;21;7;23;3
29;12/04/2004;13;14;6;1;24;4;8;5;17;22;21;19;20;9;16
28;05/04/2004;18;21;11;7;9;3;20;16;14;12;13;17;1;19;10
27;29/03/2004;25;6;22;21;11;24;3;14;12;13;20;8;10;15;18
26;22/03/2004;19;11;7;16;8;21;5;10;20;13;23;9;17;14;22
25;15/03/2004;4;23;20;2;5;13;7;9;24;3;1;6;14;22;16
24;08/03/2004;1;19;21;14;2;23;25;5;20;11;7;10;24;17;3
23;01/03/2004;10;11;5;19;18;14;6;4;20;1;8;3;12;16;17
22;25/02/2004;13;15;5;9;7;10;1;3;22;2;25;14;6;4;12
21;16/02/2004;5;2;1;22;19;8;24;4;25;23;18;20;14;11;16
20;09/02/2004;4;9;8;24;16;20;3;17;18;19;7;6;23;14;10
19;02/02/2004;15;17;10;23;11;24;13;14;6;2;8;5;20;16;7
18;26/01/2004;2;23;10;7;11;14;17;22;15;6;24;8;19;20;18
17;19/01/2004;13;20;17;1;6;7;2;14;5;9;16;19;3;21;18
16;12/01/2004;24;17;5;8;7;12;13;2;15;10;19;25;23;21;6
15;05/01/2004;23;6;21;4;10;24;16;1;15;2;8;19;12;18;25
14;29/12/2003;14;21;13;19;20;6;9;5;7;23;18;1;15;2;25
13;22/12/2003;13;6;10;5;8;14;3;11;16;15;9;17;19;7;23
12;15/12/2003;11;5;25;1;9;8;16;4;7;24;17;2;12;14;10
11;08/12/2003;24;9;8;19;20;22;6;10;11;16;7;25;23;2;12
10;01/12/2003;24;19;8;23;6;2;20;11;9;3;4;10;5;12;14
9;24/11/2003;21;4;17;5;3;13;16;9;20;24;25;19;11;15;10
8;17/11/2003;19;16;18;9;13;8;5;25;17;10;6;15;1;22;20
7;10/11/2003;22;4;15;8;16;14;21;23;12;1;25;19;7;10;18
6;03/11/2003;23;19;1;5;7;21;16;10;15;25;6;2;12;4;17
5;27/10/2003;15;13;20;2;11;24;9;16;4;23;25;12;8;19;1
4;20/10/2003;16;5;25;24;23;8;12;2;17;18;1;10;4;19;13
3;13/10/2003;20;23;12;8;6;1;7;11;14;4;16;10;9;17;24
2;06/10/2003;23;15;5;4;12;16;20;6;11;19;24;1;9;13;7
1;29/09/2003;18;20;25;23;10;11;24;14;6;2;13;9;5;16;3
